Date,Brent_Crude_USD,Gold_Price_USD,Copper_Price_USD,USD_INR_Exchange_Rate
01-01-2004,,,,45.52700043
02-01-2004,,,,45.60300064
05-01-2004,,424.3999939,1.082999945,45.4659996
06-01-2004,31.2,422.7999878,1.067000031,45.54899979
07-01-2004,30.99,421.8999939,1.0625,45.38700104
08-01-2004,,424,1.104500055,45.4679985
09-01-2004,,426.3999939,1.099499941,45.35100174
12-01-2004,,426.2999878,1.080000043,45.34400177
13-01-2004,32.55,423.7000122,1.083500028,45.31299973
14-01-2004,31.84,421.7000122,1.092499971,45.32799911
15-01-2004,31.43,408.3999939,1.082000017,45.34899902
16-01-2004,31.26,406.7000122,1.090999961,45.32500076
19-01-2004,31.67,,,45.33100128
20-01-2004,32.26,412.7000122,1.113499999,45.32799911
21-01-2004,31.95,411.1000061,1.113999963,45.30699921
22-01-2004,31.42,410,1.11650002,45.32099915
23-01-2004,32.08,407.8999939,1.121500015,45.24399948
26-01-2004,31.15,406.6000061,1.113499999,45.22700119
27-01-2004,31.05,410,1.110999942,45.27099991
28-01-2004,30.77,414.5,1.129500031,45.25299835
29-01-2004,29.47,398.5,1.120499969,45.27099991
30-01-2004,,402.2000122,1.143000007,45.00400162
02-02-2004,,398.7000122,1.142500043,45.17499924
03-02-2004,,399.2000122,1.167500019,45.20800018
04-02-2004,29.63,401,1.173499942,45.20899963
05-02-2004,29.02,398.1000061,1.172500014,45.20600128
06-02-2004,29.26,403.6000061,1.179999948,45.16799927
09-02-2004,,406.7999878,1.184999943,45.19200134
10-02-2004,,406.3999939,1.17750001,45.18399811
11-02-2004,30.33,410.2000122,1.213999987,45.18799973
12-02-2004,,413.7000122,1.242499948,45.20000076
13-02-2004,,410.2999878,1.244500041,45.36199951
16-02-2004,31.08,,,45.18199921
17-02-2004,31.43,416,1.299999952,45.20000076
18-02-2004,31.57,412.2999878,1.299999952,45.16999817
19-02-2004,31.63,409.7999878,1.327999949,45.19400024
20-02-2004,,397.5,1.307500005,45.17100143
23-02-2004,31.89,399,1.3125,45.17200089
24-02-2004,31.6,404.5,1.325500011,45.2120018
25-02-2004,32.46,395.7999878,1.307999969,45.18600082
26-02-2004,,395.7999878,1.34800005,45.16799927
27-02-2004,32.94,396.3999939,1.343000054,45.19599915
01-03-2004,33.34,399.2999878,1.394500017,45.17300034
02-03-2004,34.15,393.5,1.371000051,45.17900085
03-03-2004,33.32,392.3999939,1.300999999,45.15000153
04-03-2004,33.45,392.8999939,1.317499995,45.22900009
05-03-2004,34.4,401.2999878,1.338000059,45.18999863
08-03-2004,,400.6000061,1.292000055,45.18000031
09-03-2004,33.72,404.2000122,1.269999981,45.12900162
10-03-2004,32.83,400,1.284000039,45.10900116
11-03-2004,33.22,400.7000122,1.335500002,45.18399811
12-03-2004,32.76,395.2999878,1.309000015,45.17100143
15-03-2004,34.39,399.3999939,1.347000003,45.16999817
16-03-2004,34.72,402.3999939,1.363999963,45.14899826
17-03-2004,34.95,406.8999939,1.348500013,45.17100143
18-03-2004,,411.1000061,1.369500041,45.15000153
19-03-2004,34.33,412.5,1.378999949,45.09000015
22-03-2004,33.57,417.3999939,1.355000019,45.0719986
23-03-2004,34.4,419.7999878,1.360499978,44.81000137
24-03-2004,34.14,417.2000122,1.355499983,44.65599823
25-03-2004,33.32,416.7000122,1.345499992,44.6590004
26-03-2004,32.51,422.1000061,1.352499962,44.4980011
29-03-2004,32.04,417.1000061,1.359500051,43.97999954
30-03-2004,33.04,421.7000122,1.343999982,43.81299973
31-03-2004,32.29,427.2999878,1.358500004,43.33399963
01-04-2004,32.59,427.7999878,1.371000051,43.3730011
02-04-2004,31.19,421.6000061,1.351999998,43.70000076
05-04-2004,31.17,415.3999939,1.317000031,43.56800079
06-04-2004,31.48,418.8999939,1.327000022,43.62799835
07-04-2004,33.07,422.7999878,1.317999959,43.38100052
08-04-2004,33.98,419.8999939,1.3125,43.52500153
09-04-2004,34.03,,,43.52299881
12-04-2004,34.51,420.1000061,1.297000051,
13-04-2004,,407,1.291000009,43.63499832
14-04-2004,33.54,399.7999878,1.302999973,43.66799927
15-04-2004,33.72,397.7000122,1.294499993,43.80799866
16-04-2004,33.85,401,1.350499988,43.72900009
19-04-2004,34.71,400.6000061,1.368000031,43.79000092
20-04-2004,,397.7000122,1.317000031,43.86800003
21-04-2004,33.23,390.7999878,1.233500004,43.98199844
22-04-2004,,393.2999878,1.229500055,43.93899918
23-04-2004,33.78,395.1000061,1.243000031,44.10900116
26-04-2004,34.18,396,1.24150002,44.00899887
27-04-2004,34.11,398.6000061,1.235999942,44.0719986
28-04-2004,,385.3999939,1.17750001,44.10599899
29-04-2004,,386.6000061,1.192000031,44.31900024
30-04-2004,35.23,387,1.209499955,44.2840004
03-05-2004,34.97,387,1.228000045,44.29199982
04-05-2004,36.07,391.3999939,1.23150003,44.76900101
05-05-2004,36.58,393.3999939,1.246500015,44.56200027
06-05-2004,37.05,388,1.238499999,44.59000015
07-05-2004,37.25,378.7000122,1.192499995,44.53099823
10-05-2004,35.83,378.2999878,1.167500019,44.97200012
11-05-2004,36.97,376.8999939,1.193500042,45.16999817
12-05-2004,,377.3999939,1.187000036,45.31200027
13-05-2004,38.3,374.7999878,1.17750001,45.15999985
14-05-2004,39.04,377,1.175999999,45.38000107
17-05-2004,38.88,379.5,1.144500017,45.43099976
18-05-2004,38.43,375.7999878,1.156000018,45.34799957
19-05-2004,38.35,382.8999939,1.19749999,45.07799911
20-05-2004,38.89,378.3999939,1.18900001,45.11399841
21-05-2004,37.6,384.7999878,1.220000029,45.19100189
24-05-2004,39.22,385.6000061,1.232499957,45.18299866
25-05-2004,38.46,388.2999878,1.231999993,45.27199936
26-05-2004,,388.2999878,1.232499957,45.26599884
27-05-2004,37.03,394.8999939,1.273000002,45.29199982
28-05-2004,37,394,1.277999997,45.29100037
31-05-2004,37,,,45.29000092
01-06-2004,39.05,394.6000061,1.292500019,45.37099838
02-06-2004,37.99,390.7000122,1.248999953,45.34899902
03-06-2004,36.26,388.1000061,1.246999979,45.10499954
04-06-2004,35.97,390.8999939,1.233500004,45.05099869
07-06-2004,35.57,393.7999878,1.26849997,44.93299866
08-06-2004,35.47,391,1.240499973,44.92599869
09-06-2004,34.69,384.5,1.169999957,44.82699966
10-06-2004,35.75,385.8999939,1.175999999,44.98899841
11-06-2004,35.23,,,45.06700134
14-06-2004,35.22,383.6000061,1.156499982,45.25099945
15-06-2004,,388.1000061,1.195000052,45.26499939
16-06-2004,34.56,384.6000061,1.182500005,45.32600021
17-06-2004,35.58,388.8999939,1.202999949,45.4280014
18-06-2004,35.43,395.1000061,1.195000052,45.50799942
21-06-2004,34.82,394,1.197000027,45.76800156
22-06-2004,34.95,395,1.163499951,46.06700134
23-06-2004,34.81,395,1.197000027,45.54299927
24-06-2004,34.71,403.1000061,1.224499941,45.75
25-06-2004,34.25,402.8999939,1.209499955,45.68399811
28-06-2004,33.24,401,1.206500053,45.74200058
29-06-2004,32.61,392.5,1.171499968,45.90800095
30-06-2004,33.22,392.6000061,1.205000043,45.88800049
01-07-2004,35.58,396,1.222000003,45.7859993
02-07-2004,35.36,398.2999878,1.220000029,45.5909996
05-07-2004,35.73,,,45.69300079
06-07-2004,36.47,392.6000061,1.220000029,45.88999939
07-07-2004,35.62,402.2999878,1.256999969,45.72800064
08-07-2004,37.13,407.7999878,1.25150001,45.65200043
09-07-2004,37.58,407.5,1.281000018,45.60800171
12-07-2004,37.73,408.1000061,1.277500033,45.5870018
13-07-2004,36.68,402,1.279000044,45.75299835
14-07-2004,37.51,405.3999939,1.277999997,45.86899948
15-07-2004,38.41,404.2000122,1.289499998,46.02999878
16-07-2004,38.49,406.6000061,1.313500047,46.08800125
19-07-2004,39.07,405.6000061,1.308500051,45.99100113
20-07-2004,38.96,401.8999939,1.287999988,45.90999985
21-07-2004,38.48,397.1000061,1.276499987,46.00699997
22-07-2004,39.16,395.2000122,1.284500003,46.10699844
23-07-2004,39.59,390.5,1.246999979,46.11700058
26-07-2004,39.75,390.2999878,1.249500036,46.19100189
27-07-2004,40.09,387,1.220000029,46.11100006
28-07-2004,41.08,389,1.268000007,46.26699829
29-07-2004,40.93,387,1.291499972,46.31100082
30-07-2004,41.47,391,1.307999969,46.25099945
02-08-2004,41.35,391.7000122,1.307999969,46.22900009
03-08-2004,41.82,394,1.305999994,46.21099854
04-08-2004,41.75,392.2000122,1.297999978,46.30500031
05-08-2004,42.49,392.2999878,1.284000039,46.27000046
06-08-2004,42.63,399.7999878,1.281999946,46.18899918
09-08-2004,43.21,400.7000122,1.245499969,46.29999924
10-08-2004,42.5,400,1.261000037,46.23199844
11-08-2004,42.45,395.5,1.276000023,46.21099854
12-08-2004,,394.2999878,1.269999981,46.18999863
13-08-2004,44.13,398.8999939,1.32099998,46.22900009
16-08-2004,44.35,402.8999939,1.319000006,46.23199844
17-08-2004,44.05,404.3999939,1.311499953,46.24000168
18-08-2004,44.12,404.2999878,1.274000049,46.25699997
19-08-2004,44.84,407.1000061,1.294499993,46.27000046
20-08-2004,45.46,413.2000122,1.271499991,46.20899963
23-08-2004,44.39,410.5,1.244500041,46.15000153
24-08-2004,42.99,403,1.24150002,46.20500183
25-08-2004,42.39,407.8999939,1.241999984,46.24499893
26-08-2004,40.65,407.3999939,1.25150001,46.27299881
27-08-2004,40.72,403.2999878,1.261000037,46.22900009
30-08-2004,,407.7999878,1.261999965,46.22900009
31-08-2004,39.8,410.3999939,1.281000018,46.27399826
01-09-2004,,408.7999878,1.274999976,46.24599838
02-09-2004,42.39,406,1.247499943,46.24900055
03-09-2004,41.07,400.5,1.240499973,46.22999954
06-09-2004,,,,46.24700165
07-09-2004,40.19,397.3999939,1.273000002,46.2859993
08-09-2004,,399.3999939,1.257500052,46.24399948
09-09-2004,41.45,398.5,1.264999986,46.22600174
10-09-2004,41.03,401.8999939,1.281000018,46.1269989
13-09-2004,40.63,404.1000061,1.284999967,46.12900162
14-09-2004,41.34,405.7000122,1.277999997,45.76499939
15-09-2004,,405,1.267500043,45.75099945
16-09-2004,40.68,404.7000122,1.297999978,45.86899948
17-09-2004,43.08,405.7999878,1.302000046,45.7879982
20-09-2004,43.6,405.2999878,1.319000006,45.84999847
21-09-2004,44.56,408.2999878,1.341500044,45.77099991
22-09-2004,45.66,407.2000122,1.379999995,45.70999908
23-09-2004,46.53,410.8999939,1.368000031,45.7480011
24-09-2004,46.13,408.1000061,1.361999989,45.84899902
27-09-2004,46.87,409.1000061,1.385499954,45.80199814
28-09-2004,47.52,412.5,1.378000021,45.94100189
29-09-2004,46.54,413,1.393000007,45.84700012
30-09-2004,47.76,418.7000122,1.399999976,45.80899811
01-10-2004,46.86,419.5,1.407999992,45.95800018
04-10-2004,46.99,414,1.401000023,45.75
05-10-2004,47.1,418.2000122,1.405500054,45.76599884
06-10-2004,47.95,418.3999939,1.426499963,45.7480011
07-10-2004,48.98,418,1.432500005,45.7480011
08-10-2004,49.41,423.1000061,1.473500013,45.64599991
11-10-2004,50.75,422,1.473500013,45.64500046
12-10-2004,51.28,415.1000061,1.452999949,45.77299881
13-10-2004,50.42,413.2000122,1.292999983,45.76699829
14-10-2004,51.31,418.1000061,1.276499987,45.79800034
15-10-2004,51.02,418.7000122,1.315999985,45.7519989
18-10-2004,49.16,416.2000122,1.291000009,45.75
19-10-2004,49.21,420.2999878,1.302999973,45.6780014
20-10-2004,50.78,423.5,1.305999994,45.68700027
21-10-2004,51.06,424.3999939,1.318500042,45.65100098
22-10-2004,52.28,424.6000061,1.309499979,45.61000061
25-10-2004,51.68,429,1.279999971,45.48799896
26-10-2004,52.04,426.7999878,1.286499977,45.57099915
27-10-2004,49.99,424.7999878,1.292999983,45.56100082
28-10-2004,48.88,425.1000061,1.257500052,
29-10-2004,48.16,428.5,1.347499967,45.31000137
01-11-2004,46.84,427.2999878,1.315500021,45.32300186
02-11-2004,46.25,420,1.32949996,45.39099884
03-11-2004,46.14,424.6000061,1.340000033,45.23300171
04-11-2004,45.32,430.1000061,1.360999942,45.07300186
05-11-2004,44.37,433.6000061,1.378499985,44.94900131
08-11-2004,44.78,432.7000122,1.378999949,45.10100174
09-11-2004,43.27,435.7000122,1.388499975,45.07699966
10-11-2004,42.57,434,1.383000016,45.05799866
11-11-2004,42.22,434.8999939,1.392500043,45.07400131
12-11-2004,41.33,437.8999939,1.427999973,45.02999878
15-11-2004,39.32,437,1.436499953,44.97200012
16-11-2004,40.48,440.2000122,1.41900003,44.99000168
17-11-2004,40.27,444.7999878,1.455500007,44.85599899
18-11-2004,40.8,442.6000061,1.475000024,44.95000076
19-11-2004,42.29,446.7999878,1.481999993,44.93999863
22-11-2004,42.26,448.7999878,1.458999991,44.92100143
23-11-2004,43.03,447.7999878,1.467499971,44.95600128
24-11-2004,42.62,449.2999878,1.488499999,44.96300125
25-11-2004,43.12,,,44.90399933
26-11-2004,42.87,,,44.89199829
29-11-2004,44.05,453.7000122,1.445000052,44.71500015
30-11-2004,44.23,451.2999878,1.442999959,44.43399811
01-12-2004,41.19,454,1.467499971,44.22999954
02-12-2004,38.49,450.3999939,1.437000036,43.94900131
03-12-2004,38.57,456,1.434999943,43.99100113
06-12-2004,38.43,454.2000122,1.433500051,43.61000061
07-12-2004,37.11,452,1.406000018,43.5909996
08-12-2004,36.9,437.2000122,1.375499964,43.76499939
09-12-2004,38.33,435.7999878,1.378999949,44.05199814
10-12-2004,37.24,433.8999939,1.401499987,44.56900024
13-12-2004,36.77,438.8999939,1.43599999,44.0320015
14-12-2004,37.03,435.8999939,1.444000006,43.99100113
15-12-2004,41.53,440.7999878,1.46449995,43.93099976
16-12-2004,41.49,436.8999939,1.465999961,43.68700027
17-12-2004,43.06,441.6000061,1.472499967,43.90000153
20-12-2004,42.67,442.3999939,1.490499973,43.77099991
21-12-2004,42.76,441.7999878,1.503999949,43.65000153
22-12-2004,40.44,440.2999878,1.475000024,43.77000046
23-12-2004,40.29,441.8999939,1.48300004,43.5909996
24-12-2004,39.6,,,43.54700089
27-12-2004,39.6,445.2000122,1.5,43.61299896
28-12-2004,40.24,444.2999878,1.542500019,43.63000107
29-12-2004,,436,1.482499957,43.52999878
30-12-2004,39.8,437.5,1.486999989,43.6570015
31-12-2004,40.38,,,43.30799866
03-01-2005,,428.7000122,1.523499966,43.41600037
04-01-2005,40.75,428.5,1.394999981,43.49100113
05-01-2005,41,426.6000061,1.422000051,43.5890007
06-01-2005,43.25,421,1.419999957,43.82799911
07-01-2005,43.28,418.8999939,1.414999962,43.83200073
10-01-2005,44.71,419.1000061,1.413499951,43.79299927
11-01-2005,43.45,421.8999939,1.440000057,43.52899933
12-01-2005,43.75,426.1000061,1.444000006,43.53099823
13-01-2005,45.76,424.5,1.411499977,43.57300186
14-01-2005,,422.7000122,1.434000015,43.51100159
17-01-2005,45.1,,,43.5
18-01-2005,45.18,423.2000122,1.440000057,43.68000031
19-01-2005,45.16,423,1.450500011,43.52000046
20-01-2005,44.06,422.3999939,1.457999945,43.68000031
21-01-2005,,426.7000122,1.476500034,43.50099945
24-01-2005,45.74,426.8999939,1.475499988,43.58000183
25-01-2005,46.14,422,1.473500013,43.65999985
26-01-2005,45.94,426.8999939,1.485499978,43.65999985
27-01-2005,46.51,426.2999878,1.495499969,43.68000031
28-01-2005,44.75,425.7999878,1.462499976,43.60300064
31-01-2005,44.51,421.7999878,1.463000059,43.65999985
01-02-2005,45.12,420.7999878,1.450999975,43.59999847
02-02-2005,44.17,421.1000061,1.433500051,43.24000168
03-02-2005,43.13,416.6000061,1.430500031,43.29999924
04-02-2005,43.26,414,1.417999983,43.28900146
07-02-2005,42.7,413.6000061,1.433500051,43.36000061
08-02-2005,42.79,412.6000061,1.432999969,43.61999893
09-02-2005,,412.8999939,1.429999948,43.63999939
10-02-2005,44.04,417.2000122,1.470000029,43.63999939
11-02-2005,44.41,420.5,1.467499971,43.68000031
14-02-2005,44.51,425.7999878,1.469499946,43.70000076
15-02-2005,44.91,425.8999939,1.486999989,43.74000168
16-02-2005,45.42,425.5,1.475999951,43.63999939
17-02-2005,45.42,427.2999878,1.503499985,43.61999893
18-02-2005,45.86,427.1000061,1.494500041,43.65000153
21-02-2005,46.09,,,43.72000122
22-02-2005,47.6,434.5,1.491999984,43.58000183
23-02-2005,48.16,434.8999939,1.5,43.65999985
24-02-2005,49.24,434.5,1.48300004,43.59999847
25-02-2005,50.05,434.8999939,1.488999963,43.5890007
28-02-2005,50.13,436.5,1.5,43.56000137
01-03-2005,,432.8999939,1.46449995,43.63999939
02-03-2005,51.05,432.7999878,1.476999998,43.63999939
03-03-2005,52.89,429.8999939,1.475000024,43.58000183
04-03-2005,52.1,434.2000122,1.491999984,43.56700134
07-03-2005,51.87,435,1.494500041,43.58499908
08-03-2005,53.29,440.2999878,1.497499943,43.56000137
09-03-2005,,442.1000061,1.501999974,43.58000183
10-03-2005,,442.7999878,1.495000005,43.5
11-03-2005,,446.2000122,1.480999947,43.4090004
14-03-2005,,441.1000061,1.475000024,43.45999908
15-03-2005,,440.8999939,1.495499969,43.47999954
16-03-2005,,443.7000122,1.506000042,43.54999924
17-03-2005,56.03,438.7000122,1.506000042,43.54999924
18-03-2005,55.97,439.2999878,1.507500052,43.54999924
21-03-2005,55.79,431.1000061,1.488999963,43.54999924
22-03-2005,55.39,431.2999878,1.49849999,43.65000153
23-03-2005,51.52,425.2000122,1.447000027,43.65999985
24-03-2005,52.35,424.7000122,1.459499955,43.63999939
25-03-2005,,,,43.61999893
28-03-2005,,425.8999939,1.460500002,43.65000153
29-03-2005,,426,1.476500034,43.65000153
30-03-2005,,,,43.75
31-03-2005,53.22,428.7000122,1.508999944,43.61000061
01-04-2005,,425.8999939,1.492499948,43.49000168
04-04-2005,55.92,423.8999939,1.506000042,43.65000153
05-04-2005,54.53,424.5,1.496500015,43.65000153
06-04-2005,54.08,427.1000061,1.522500038,43.68000031
07-04-2005,52.57,426.5,1.521499991,43.61999893
08-04-2005,51.83,426.8999939,1.523499966,43.65100098
11-04-2005,51.21,428.6000061,1.542000055,43.64199829
12-04-2005,51.53,427.6000061,1.511500001,43.61999893
13-04-2005,,429.2999878,1.475000024,43.68000031
14-04-2005,,424,1.445500016,43.59999847
15-04-2005,,424.8999939,1.463000059,43.69800186
18-04-2005,48.58,427.5,1.462000012,43.61999893
19-04-2005,,432.8999939,1.488499999,43.68000031
20-04-2005,51.53,435.2999878,1.51699996,43.58000183
21-04-2005,,433,1.496500015,43.68000031
22-04-2005,53.51,434.2999878,1.501999974,43.61000061
25-04-2005,53.1,434.6000061,1.503999949,43.63000107
26-04-2005,,437.8999939,1.48150003,43.61999893
27-04-2005,51.29,433,1.463000059,43.58000183
28-04-2005,50.74,,,43.59999847
29-04-2005,,435,1.498000026,43.38000107
02-05-2005,,429.5,1.496000051,43.5
03-05-2005,,426.7000122,1.478500009,43.52000046
04-05-2005,,429,1.458999991,43.45999908
05-05-2005,49.81,429.7999878,1.458999991,43.34999847
06-05-2005,49.7,426.1000061,1.472000003,43.43000031
09-05-2005,49.71,426.2000122,1.476500034,43.43999863
10-05-2005,50.61,427.2000122,1.491999984,43.36000061
11-05-2005,48.91,427.2000122,1.482499957,43.22000122
12-05-2005,47.4,421.6000061,1.470000029,43.24000168
13-05-2005,46.85,420.2000122,1.424499989,43.40000153
16-05-2005,46.42,418.8999939,1.422500014,43.40000153
17-05-2005,47.31,419.3999939,1.433500051,43.41999817
18-05-2005,47.35,421.5,1.465999961,43.38000107
19-05-2005,,420.5,1.457999945,43.38000107
20-05-2005,46.91,417.3999939,1.475000024,43.32600021
23-05-2005,47.28,416.6000061,1.488499999,43.41999817
24-05-2005,47.29,417.5,1.504999995,43.47999954
25-05-2005,49.24,418.7999878,1.529000044,43.45999908
26-05-2005,49.71,418,1.613999963,43.5
27-05-2005,49.42,419.7999878,1.485999942,43.5
30-05-2005,49.33,,,43.5
31-05-2005,49.3,416.2999878,1.504999995,43.61999893
01-06-2005,50.46,415.2999878,1.537999988,43.72000122
02-06-2005,51.3,422.7000122,1.559000015,43.70000076
03-06-2005,51.9,423.7000122,1.595499992,43.56000137
06-06-2005,52.61,426.5,1.60650003,43.52000046
07-06-2005,51.62,424.7999878,1.593000054,43.47999954
08-06-2005,51.92,424.7000122,1.598500013,43.41999817
09-06-2005,51.36,424.2000122,1.601999998,43.45999908
10-06-2005,51.98,427.3999939,1.631999969,43.47000122
13-06-2005,52,429.2999878,1.61500001,43.54000092
14-06-2005,53.52,427.5,1.584499955,43.58000183
15-06-2005,,429.1000061,1.606999993,43.5
16-06-2005,,436.2000122,1.64349997,43.47999954
17-06-2005,56.92,438.2999878,1.689499974,43.49000168
20-06-2005,57.1,438.3999939,1.672500014,43.47999954
21-06-2005,57.36,438.8999939,1.68599999,43.47999954
22-06-2005,56.06,438.1000061,1.674999952,43.41999817
23-06-2005,57.03,441.7000122,1.674999952,43.47999954
24-06-2005,57.21,440.5,1.675500035,43.49000168
27-06-2005,58.5,440.2999878,1.682000041,43.41999817
28-06-2005,57.75,436.3999939,1.600000024,43.47999954
29-06-2005,55.42,,1.597499967,43.47999954
30-06-2005,55.36,435.8999939,1.553500056,43.45999908
01-07-2005,56.41,427.7999878,1.536499977,43.5
04-07-2005,57.13,,,43.45999908
05-07-2005,57.86,422.8999939,1.580000043,43.5
06-07-2005,58.38,423.5,1.603000045,43.5
07-07-2005,57.55,423.2999878,1.609500051,43.56000137
08-07-2005,59,422.8999939,1.625499964,43.54000092
11-07-2005,56.1,425.5,1.623999953,43.45999908
12-07-2005,,426.2999878,1.603000045,43.45999908
13-07-2005,58.33,423.8999939,1.620000005,43.41199875
14-07-2005,56.79,419.6000061,1.618000031,43.41999817
15-07-2005,56.98,420.7000122,1.628999949,43.47000122
18-07-2005,56.25,420.5,1.630499959,43.45399857
19-07-2005,56.75,419.7000122,1.650500059,43.52000046
20-07-2005,56.39,421.7000122,1.655500054,43.45000076
21-07-2005,55.59,425.3999939,1.631000042,43
22-07-2005,56.98,424.7000122,1.655500054,43.45000076
25-07-2005,57.51,425.7000122,1.657999992,43.45999908
26-07-2005,58.58,423.3999939,1.666000009,43.40999985
27-07-2005,58.34,424.7000122,1.67750001,43.34000015
28-07-2005,58.28,427.2999878,1.696499944,43.31999969
29-07-2005,59.77,429.8999939,1.6875,43.34999847
01-08-2005,60.56,431.8999939,1.703500032,43.38000107
02-08-2005,60.13,431.8999939,1.700000048,43.40000153
03-08-2005,60.04,436.8999939,1.708999991,43.36999893
04-08-2005,60.62,437.8999939,1.694499969,43.39099884
05-08-2005,60.73,437.2000122,1.68900001,43.41999817
08-08-2005,62.56,434.7000122,1.687000036,43.45000076
09-08-2005,62.79,434.2000122,1.65199995,43.45000076
10-08-2005,63.77,436.5,1.687000036,43.45000076
11-08-2005,65.9,445.5,1.70599997,43.5
12-08-2005,67.26,445.8999939,1.737499952,43.56399918
15-08-2005,66.68,442.2000122,1.771000028,43.43999863
16-08-2005,65.1,446.1000061,1.779500008,43.45000076
17-08-2005,63.41,439.8999939,1.720999956,43.45999908
18-08-2005,61.75,439.5,1.721500039,43.5
19-08-2005,64.21,437.2000122,1.718500018,43.52000046
22-08-2005,65.87,438.1000061,1.74000001,43.54999924
23-08-2005,65.16,439.3999939,1.744500041,43.58000183
24-08-2005,65.25,437.2999878,1.717000008,43.70000076
25-08-2005,65.88,438.3999939,1.713999987,43.70000076
26-08-2005,66.23,437.3999939,1.769500017,43.59999847
29-08-2005,64.77,437,1.710500002,43.65999985
30-08-2005,66.15,431.2000122,1.743499994,43.65200043
31-08-2005,66.8,433.7999878,1.695000052,43.97999954
01-09-2005,66.79,442.2999878,1.726999998,43.90000153
02-09-2005,65.95,444.2000122,1.746999979,43.79999924
05-09-2005,64.16,,,43.65999985
06-09-2005,64.16,444.3999939,1.735999942,43.81000137
07-09-2005,63.6,444.8999939,1.720999956,43.81999969
08-09-2005,61.66,446.7000122,1.696499944,43.77999878
09-09-2005,62.62,449,1.684000015,43.75999832
12-09-2005,60.69,449.7000122,1.718999982,43.79000092
13-09-2005,61.31,446.1000061,1.700000048,43.83000183
14-09-2005,61.7,449.7999878,1.682000041,43.81999969
15-09-2005,61.9,455.5,1.677999973,43.79999924
16-09-2005,,459.5,1.672999978,43.81999969
19-09-2005,64.04,466.7000122,1.739500046,43.83000183
20-09-2005,62.98,466.2000122,1.749500036,43.84000015
21-09-2005,64.31,468.8999939,1.796499968,
22-09-2005,64.64,466.6000061,1.809999943,43.84999847
23-09-2005,,463.5,1.798499942,43.84999847
26-09-2005,61.73,465.8999939,1.840999961,43.84999847
27-09-2005,62.56,462.6000061,1.838000059,43.90000153
28-09-2005,62.81,469.7000122,1.87650001,44
29-09-2005,62.02,472.2000122,1.868000031,43.93999863
30-09-2005,61.7,469,1.801499963,43.93000031
03-10-2005,61.64,466.1000061,1.833999991,44.06000137
04-10-2005,59.17,466.1000061,1.850499988,44.04000092
05-10-2005,59.33,466.1000061,1.873000026,44.20000076
06-10-2005,57.2,471.8999939,1.875,44.13999939
07-10-2005,57.29,474.7000122,1.900500059,44.34000015
10-10-2005,57.01,475.1000061,1.899000049,44.75
11-10-2005,58.1,477.1000061,1.927000046,44.86000061
12-10-2005,59.91,473.8999939,1.879999995,44.75
13-10-2005,59.48,471.1000061,1.860000014,44.86999893
14-10-2005,58.45,469.2000122,1.854500055,44.72000122
17-10-2005,59.81,474.1000061,1.921000004,44.81000137
18-10-2005,,472.1000061,1.929999948,45.02000046
19-10-2005,58.13,463.5,1.925999999,45.09000015
20-10-2005,57.04,461,1.922999978,45.11999893
21-10-2005,56.94,467,1.927999973,45.00999832
24-10-2005,57.64,465,1.923499942,45.04999924
25-10-2005,58.72,472.7999878,1.96449995,44.90000153
26-10-2005,58.56,471.2000122,1.968000054,44.93999863
27-10-2005,58.1,473.7999878,1.934000015,44.99000168
28-10-2005,59.47,473,1.896000028,45.00999832
31-10-2005,58.47,465.1000061,1.896000028,45.04000092
01-11-2005,56.69,458.7999878,1.896000028,45
02-11-2005,58.53,462.7999878,1.90199995,45.16999817
03-11-2005,59.55,460.1000061,1.904999971,45.20000076
04-11-2005,60.48,456.2999878,1.933500051,45.43999863
07-11-2005,58.19,459,1.9375,45.77999878
08-11-2005,,460.8999939,1.932000041,45.72000122
09-11-2005,57.71,466.2999878,1.925500035,45.68000031
10-11-2005,55.85,466.6000061,1.965000033,45.68999863
11-11-2005,54.3,468.2999878,1.998999953,45.47999954
14-11-2005,54.1,468.2000122,2.006500006,45.65000153
15-11-2005,54.45,468.1000061,2.027499914,45.56000137
16-11-2005,53.68,478.2999878,2.035000086,45.70000076
17-11-2005,,486.2000122,2.046000004,45.63999939
18-11-2005,52.84,485.6000061,2.099999905,45.70000076
21-11-2005,53.36,489,2.099999905,45.65999985
22-11-2005,54.21,492.6000061,2.079999924,45.74000168
23-11-2005,53.73,492.1000061,2.140000105,45.68000031
24-11-2005,53.41,,,45.63999939
25-11-2005,53.15,,,45.74000168
28-11-2005,52.91,498.2999878,2.180000067,45.84999847
29-11-2005,53.24,499.1000061,2.040499926,45.79999924
30-11-2005,53.25,494.6000061,2.075000048,45.86000061
01-12-2005,53.65,502.5,2.167999983,45.90999985
02-12-2005,54.91,503.2999878,2.152499914,46.11000061
05-12-2005,56.05,508.8999939,2.165999889,46.24000168
06-12-2005,55.68,510.2000122,2.118999958,46.11999893
07-12-2005,55.17,514.2999878,2.16050005,46.15999985
08-12-2005,56.26,519.2999878,2.170000076,46.16999817
09-12-2005,57.18,527,2.180000067,46.11000061
12-12-2005,57.23,528.4000244,2.155499935,45.95999908
13-12-2005,59.16,521,2.173000097,46.02000046
14-12-2005,59.59,506.5,2.125999928,45.58000183
15-12-2005,59.67,503.8999939,2.141499996,45.22000122
16-12-2005,58.11,503.3999939,2.169500113,45.36600113
19-12-2005,56.09,503.6000061,2.159499884,45.27999878
20-12-2005,56.08,494.6000061,2.164999962,45.13999939
21-12-2005,56.05,493,2.178999901,45.09999847
22-12-2005,57.3,502.7000122,2.20600009,45.22000122
23-12-2005,56.28,503,2.230499983,45.09999847
26-12-2005,56.54,,,45.06000137
27-12-2005,,508,2.279999971,45.08000183
28-12-2005,56.91,514.2000122,2.194000006,45.02000046
29-12-2005,57.72,515.7000122,2.164499998,45.11000061
30-12-2005,58.34,517.0999756,2.161499977,44.97000122
02-01-2006,,,,44.97999954
03-01-2006,61.51,530.7000122,2.167999983,44.86000061
04-01-2006,61.25,533.9000244,2.216500044,44.68000031
05-01-2006,61.68,526.2999878,2.138499975,44.66999817
06-01-2006,62.43,539.7000122,2.155499935,44.29000092
09-01-2006,62.51,549.0999756,2.167000055,44.25999832
10-01-2006,62.32,544.2999878,2.179500103,44.18000031
11-01-2006,,548.7999878,2.154999971,43.91999817
12-01-2006,,548.2999878,2.147000074,43.93999863
13-01-2006,,556.0999756,2.167999983,44.06999969
16-01-2006,62.34,,,44.11999893
17-01-2006,63.22,553.4000244,2.16899991,44.20000076
18-01-2006,63.6,543.7000122,2.170000076,44.29000092
19-01-2006,63.64,558.4000244,2.155999899,44.15999985
20-01-2006,64.92,553.5,2.130000114,44.15000153
23-01-2006,64.56,558.2999878,2.142499924,44.06999969
24-01-2006,63.82,557.7000122,2.172499895,44.16999817
25-01-2006,62.61,562.2000122,2.218499899,44.02000046
26-01-2006,62.93,559.7000122,2.23149991,43.99000168
27-01-2006,64.95,558.7000122,2.296499968,43.93500137
30-01-2006,65.14,565.7999878,2.234499931,44.02000046
31-01-2006,63.19,570.7999878,2.235500097,43.90000153
01-02-2006,65.64,569.4000244,2.259000063,44.08000183
02-02-2006,63.49,572.5,2.318500042,44.15999985
03-02-2006,,567.4000244,2.318000078,44.08000183
06-02-2006,63.32,570.2000122,2.336499929,44.13999939
07-02-2006,61.64,551,2.287499905,44.20000076
08-02-2006,60.82,550.0999756,2.279999971,44.11999893
09-02-2006,60.7,564.5,2.309000015,44.09000015
10-02-2006,59.66,550.2000122,2.226000071,44.02999878
13-02-2006,59.16,539,2.236999989,44.15000153
14-02-2006,58.27,545.9000244,2.266499996,44.15000153
15-02-2006,57.67,539.7000122,2.194000006,44.15999985
16-02-2006,56.78,546,2.236999989,44.24000168
17-02-2006,58.34,551.7999878,2.209000111,44.31200027
20-02-2006,60.05,,,44.36000061
21-02-2006,59.35,553.9000244,2.280999899,44.31999969
22-02-2006,58.71,553.9000244,2.266000032,44.47999954
23-02-2006,58.71,548.4000244,2.210000038,44.45999908
24-02-2006,60.13,558.7999878,2.203999996,44.29000092
27-02-2006,59.44,554.7000122,2.140500069,44.40999985
28-02-2006,59.78,561.5999756,2.185499907,44.25
01-03-2006,61.12,563.5,2.243499994,44.27999878
02-03-2006,,568.2000122,2.275500059,44.18000031
03-03-2006,,566,2.269500017,44.18000031
06-03-2006,,554.9000244,2.200999975,44.25
07-03-2006,59.79,552.7000122,2.186000109,44.20000076
08-03-2006,58.42,542.5,2.172499895,44.38000107
09-03-2006,,545.5,2.20449996,44.45999908
10-03-2006,59.04,539.9000244,2.217000008,44.45299911
13-03-2006,60.99,546.0999756,2.251499891,44.38999939
14-03-2006,,551.7000122,2.25999999,44.34000015
15-03-2006,,553.0999756,2.252000093,44.09999847
16-03-2006,,554.4000244,2.266499996,44.34999847
17-03-2006,,554.0999756,2.368999958,44.20500183
20-03-2006,,555.2000122,2.344000101,44.36000061
21-03-2006,,552.4000244,2.334000111,44.29999924
22-03-2006,61.23,550.9000244,2.349999905,44.40000153
23-03-2006,,550.0999756,2.40899992,44.47200012
24-03-2006,62.78,560,2.411499977,44.46699905
27-03-2006,62.59,567,2.474999905,44.5890007
28-03-2006,,566.5999756,2.493999958,44.59199905
29-03-2006,,573,2.476500034,44.58000183
30-03-2006,65.95,586.7000122,2.503499985,44.45999908
31-03-2006,,581.7999878,2.487999916,44.52799988
03-04-2006,67.28,589.4000244,2.576999903,44.53099823
04-04-2006,,586,2.573499918,44.59999847
05-04-2006,,587.9000244,2.628000021,44.56000137
06-04-2006,67.58,595.2000122,2.676500082,44.43999863
07-04-2006,,588.4000244,2.67050004,44.54899979
10-04-2006,,597.5999756,2.739000082,44.65999985
11-04-2006,,595.2000122,2.751499891,44.74000168
12-04-2006,69.54,597.5,2.821500063,45.06000137
13-04-2006,69.39,596.5,2.868000031,45.04000092
14-04-2006,,,,44.99499893
17-04-2006,,615.4000244,2.964999914,45.02799988
18-04-2006,70.97,620,3.059000015,45.04700089
19-04-2006,72.69,632.5999756,3.058500051,45.09999847
20-04-2006,72.57,619.7999878,3.065999985,45.09999847
21-04-2006,73.94,632.2000122,3.247999907,45.00099945
24-04-2006,73.96,620.5999756,3.213500023,44.82699966
25-04-2006,72.86,631,3.407999992,44.81999969
26-04-2006,73.46,638.7999878,3.48300004,45.02000046
27-04-2006,71.79,633.2999878,3.25999999,44.79999924
28-04-2006,72.15,651.7999878,3.335500002,44.90100098
01-05-2006,73.37,657.5,3.453000069,44.75999832
02-05-2006,74.45,664.7000122,3.416500092,44.79999924
03-05-2006,73.73,665.9000244,3.424999952,44.79999924
04-05-2006,71.84,674.2000122,3.592999935,44.88999939
05-05-2006,71.22,682.2000122,3.596999884,44.77000046
08-05-2006,68.26,677.7999878,3.605499983,44.75999832
09-05-2006,,699.4000244,3.696000099,44.77099991
10-05-2006,69.83,703.7000122,3.78399992,44.81100082
11-05-2006,,719.7999878,4.032999992,44.81999969
12-05-2006,,710.2999878,3.966500044,44.82500076
15-05-2006,68.69,683.5999756,3.868999958,45.2480011
16-05-2006,68.66,691.5,3.982000113,44.99499893
17-05-2006,67.52,690.5,3.830499887,44.625
18-05-2006,67.39,679.5999756,3.869499922,45.40000153
19-05-2006,66.93,656.7000122,3.642999887,45.29499817
22-05-2006,66.52,657,3.640000105,45.29000092
23-05-2006,68.97,673,4.075500011,45.38000107
24-05-2006,68.45,637,3.830499887,45.68000031
25-05-2006,68.51,648.4000244,3.901499987,45.76900101
26-05-2006,69.88,650.9000244,4.014999866,45.75500107
29-05-2006,69.16,,,45.99000168
30-05-2006,69.82,653.9000244,3.746999979,46.08000183
31-05-2006,67.57,642.5,3.716500044,46.15999985
01-06-2006,68.77,627.5999756,3.568500042,46.11999893
02-06-2006,68.42,635.5,3.664499998,45.59400177
05-06-2006,69.13,643.2000122,3.690999985,45.68000031
06-06-2006,68.25,629.4000244,3.584500074,45.84999847
07-06-2006,67.17,627.4000244,3.678999901,45.72999954
08-06-2006,65.76,609.0999756,3.451999903,45.75999832
09-06-2006,69.13,608.2000122,3.372999907,45.86000061
12-06-2006,68.62,606.7999878,3.328500032,45.81999969
13-06-2006,65.67,562.5,3.095499992,45.93999863
14-06-2006,65.52,562.2999878,3.15350008,45.81999969
15-06-2006,66.04,566.5,3.309000015,45.81000137
16-06-2006,65.01,578,3.386499882,45.84899902
19-06-2006,66.4,568.7999878,3.252500057,45.81999969
20-06-2006,67.57,576.9000244,3.286499977,45.86000061
21-06-2006,68.17,587.5,3.300499916,45.84000015
22-06-2006,69.6,582.2000122,3.205499887,45.91999817
23-06-2006,69.91,584.7999878,3.342499971,45.94499969
26-06-2006,69.85,584.7999878,3.444000006,46.25400162
27-06-2006,71.26,581.5999756,3.286999941,46.25999832
28-06-2006,71.76,578.2999878,3.433000088,46.29999924
29-06-2006,73.02,586.5,3.423000097,46.25999832
30-06-2006,73.2,613.5,3.462500095,45.80500031
03-07-2006,73.94,,,45.93999863
04-07-2006,73.17,,,45.90000153
05-07-2006,72.88,627.2999878,3.494499922,45.95000076
06-07-2006,73.12,634.0999756,3.71449995,45.93999863
07-07-2006,74.14,632.7999878,3.642499924,45.78499985
10-07-2006,72.39,624.0999756,3.677000046,46
11-07-2006,73.14,641.2000122,3.722500086,46.13999939
12-07-2006,73.04,649.4000244,3.775000095,46.02000046
13-07-2006,75.23,652.9000244,3.791500092,46.22000122
14-07-2006,76.13,666.5999756,3.82949996,46.32699966
17-07-2006,75.12,650.5999756,3.71449995,46.58000183
18-07-2006,75.32,628.2999878,3.680500031,46.56000137
19-07-2006,71.62,641.5999756,3.678499937,46.79999924
20-07-2006,72.56,631.7000122,3.484999895,46.75999832
21-07-2006,72.96,619.5999756,3.416500092,46.58499908
24-07-2006,72.09,612.7000122,3.483500004,46.84799957
25-07-2006,72.49,617.5999756,3.538500071,46.72000122
26-07-2006,73.76,621.5999756,3.484499931,46.68000031
27-07-2006,75.36,632.4000244,3.51850009,46.54000092
28-07-2006,73.95,634.7999878,3.584000111,46.46500015
31-07-2006,74.75,634.2000122,3.609999895,46.41999817
01-08-2006,76.39,646.2999878,3.632999897,46.43999863
02-08-2006,77.63,651.5999756,3.628499985,46.5
03-08-2006,76.28,644.9000244,3.529500008,46.4280014
04-08-2006,76.53,644,3.662499905,46.43199921
07-08-2006,77.82,647.7999878,3.625499964,46.5
08-08-2006,77.93,645.7000122,3.621000051,46.40000153
09-08-2006,78.26,650.5,3.743999958,46.40000153
10-08-2006,75.69,634.9000244,3.664499998,46.31200027
11-08-2006,75.19,633.5,3.513000011,46.42499924
14-08-2006,73.78,628.5,3.566999912,46.48799896
15-08-2006,73.57,622.5,3.557499886,46.43999863
16-08-2006,72.67,628.7000122,3.494999886,46.4679985
17-08-2006,70.42,615.4000244,3.382999897,46.29299927
18-08-2006,71.3,612.0999756,3.450000048,46.39199829
21-08-2006,72.42,625.7000122,3.522500038,46.38899994
22-08-2006,72.06,624.5999756,3.498500109,46.38899994
23-08-2006,71.12,623.7000122,3.47300005,46.39199829
24-08-2006,71.4,619.5,3.440000057,46.44800186
25-08-2006,72.58,622,3.454999924,46.44800186
28-08-2006,69.44,615.2999878,3.483999968,46.49000168
29-08-2006,67.01,610.7000122,3.423000097,46.39400101
30-08-2006,67.15,617.7000122,3.36500001,46.2879982
31-08-2006,67.66,625.9000244,3.469000101,46.47600174
01-09-2006,70.49,624.4000244,3.474999905,46.50799942
04-09-2006,68.62,624.4000244,3.495500088,46.2519989
05-09-2006,65.94,638.5,3.651000023,46.15299988
06-09-2006,65.41,633.5,3.701999903,46.04899979
07-09-2006,64.52,617,3.665499926,46.05199814
08-09-2006,64.3,609.5999756,3.578000069,46.15200043
11-09-2006,62.41,590,3.434000015,46.15299988
12-09-2006,62.23,586.9000244,3.390500069,46.18399811
13-09-2006,61.28,589.0999756,3.392499924,46.00400162
14-09-2006,60.75,579.2999878,3.381999969,45.91400146
15-09-2006,60.23,576.4000244,3.316499949,46.04899979
18-09-2006,61.47,586.2000122,3.417999983,46.04800034
19-09-2006,62.52,576.7999878,3.375499964,46.02999878
20-09-2006,59.09,580,3.369999886,46.03099823
21-09-2006,59.27,582.2000122,3.421999931,45.78900146
22-09-2006,58.81,589.4000244,3.439500093,45.82099915
25-09-2006,57.89,589.9000244,3.44749999,45.79299927
26-09-2006,58.53,591.2000122,3.463500023,45.89099884
27-09-2006,57.6,597.2999878,3.475500107,45.83100128
28-09-2006,60.68,605,3.414000034,45.82799911
29-09-2006,59.09,598.5999756,3.459000111,45.71500015
02-10-2006,58.8,597.7000122,3.430500031,45.7140007
03-10-2006,56.28,576.2999878,3.286499977,45.7159996
04-10-2006,55.82,562,3.197999954,45.63199997
05-10-2006,57.93,571,3.299499989,45.59400177
06-10-2006,56.9,572.4000244,3.383500099,45.48799896
09-10-2006,59.25,578.4000244,3.406500101,45.62900162
10-10-2006,57.8,571.9000244,3.372999907,45.66999817
11-10-2006,57.75,572.2999878,3.400000095,45.55199814
12-10-2006,57.87,576.2999878,3.374000072,45.51399994
13-10-2006,58.97,588.7999878,3.398499966,45.24499893
16-10-2006,58.22,594.7000122,3.559999943,45.35400009
17-10-2006,60.13,589.7000122,3.484999895,45.13299942
18-10-2006,58.51,588.9000244,3.470999956,45.21099854
19-10-2006,57.74,599,3.488500118,45.20600128
20-10-2006,57.94,593,3.444499969,45.23400116
23-10-2006,56.56,579.7000122,3.430000067,45.32899857
24-10-2006,56.56,584.4000244,3.401499987,45.15299988
25-10-2006,58.79,587.5999756,3.388000011,45.29000092
26-10-2006,58.76,596.7999878,3.381999969,45.16999817
27-10-2006,57.99,598.2000122,3.391000032,45.00500107
30-10-2006,57.08,604.7000122,3.340500116,44.82899857
31-10-2006,56.13,604.0999756,3.335999966,44.83499908
01-11-2006,56.37,616.5999756,3.230499983,44.7120018
02-11-2006,56.26,625.4000244,3.28399992,44.81900024
03-11-2006,56.55,626.9000244,3.315500021,44.80099869
06-11-2006,57.02,625.7999878,3.332499981,44.81100082
07-11-2006,56.99,625.7000122,3.345499992,44.75600052
08-11-2006,57.18,616.4000244,3.232000113,44.61399841
09-11-2006,59.72,635,3.29550004,44.45399857
10-11-2006,59.18,628.4000244,3.077500105,44.61100006
13-11-2006,56.88,624.2000122,3.065000057,44.80199814
14-11-2006,57.9,623.7999878,3.084000111,45.09000015
15-11-2006,57.97,622.5,3.087500095,45.19300079
16-11-2006,59.5,620.5999756,3.036000013,44.77000046
17-11-2006,57.01,621.5,3.05250001,44.77299881
20-11-2006,57.38,621.2000122,3.036499977,44.93500137
21-11-2006,59.53,628.2000122,3.110500097,44.89799881
22-11-2006,58.66,628.7000122,3.105999947,44.57400131
23-11-2006,59.7,,,44.63199997
24-11-2006,60.72,628.7000122,,44.52999878
27-11-2006,60.52,,3.186000109,44.5909996
28-11-2006,61.22,637.2000122,3.135499954,44.59899902
29-11-2006,62.13,635.5,3.128000021,44.61399841
30-11-2006,64.36,646.9000244,3.171499968,44.55099869
01-12-2006,64.74,644.7000122,3.147000074,44.43500137
04-12-2006,63.97,645.2000122,3.157000065,44.53699875
05-12-2006,63.65,642.2999878,3.234499931,44.49399948
06-12-2006,63.7,630.5,3.148999929,44.61500168
07-12-2006,63.17,631.9000244,3.094000101,44.57400131
08-12-2006,63.67,626.0999756,3.107000113,44.46500015
11-12-2006,62.59,630,3.119999886,44.69300079
12-12-2006,62.58,627,3.084500074,44.77399826
13-12-2006,61.89,627.9000244,3.024499893,44.73400116
14-12-2006,62.85,626.5999756,3.045000076,44.67200089
15-12-2006,62.91,615,3.003999949,44.47499847
18-12-2006,62.81,614,3.01699996,44.7159996
19-12-2006,62.19,621.5999756,3.002500057,44.69100189
20-12-2006,63.13,620.5999756,2.939500093,44.67300034
21-12-2006,62.13,618.2000122,2.860500097,44.53099823
22-12-2006,61.92,619.0999756,2.829999924,44.30500031
25-12-2006,,,2.829999924,44.30500031
26-12-2006,,623.7000122,2.850500107,44.30500031
27-12-2006,60.7,627.2000122,2.881999969,44.25999832
28-12-2006,59.41,634.0999756,2.880000114,44.27700043
29-12-2006,58.96,635.2000122,2.854000092,44.04000092
01-01-2007,,,2.854000092,44.21500015
02-01-2007,58.49,635.2000122,2.854000092,44.12200165
03-01-2007,56.63,627.0999756,2.632499933,44.11100006
04-01-2007,54.58,623.9000244,2.588500023,44.09500122
05-01-2007,52.82,604.9000244,2.522500038,44.13999939
08-01-2007,52.82,607.5,2.514499903,44.25500107
09-01-2007,52.38,613.0999756,2.542000055,44.20999908
10-01-2007,52.11,611.5999756,2.651499987,44.375
11-01-2007,51.68,612.4000244,2.648499966,44.42499924
12-01-2007,49.95,625.5,2.592999935,44.25500107
15-01-2007,,,,44.13499832
16-01-2007,51.28,624.5999756,2.565000057,44.125
17-01-2007,51.19,632.0999756,2.555500031,44.02500153
18-01-2007,50.83,627.0999756,2.476999998,44.08499908
19-01-2007,52.29,635.5,2.502000093,44.08499908
22-01-2007,54.34,633.2999878,2.519500017,44.04499817
23-01-2007,53.93,645.2000122,2.566499949,44.07500076
24-01-2007,55.11,647.5999756,2.588500023,44.08499908
25-01-2007,55.67,647.7999878,2.639499903,44.08499908
26-01-2007,55.29,644.5,2.621500015,44.01499939
29-01-2007,54.71,643.0999756,2.52850008,44.06999969
30-01-2007,54.69,644.2000122,2.549999952,43.97499847
31-01-2007,56.52,652,2.583499908,44.00500107
01-02-2007,56.74,657.4000244,2.517999887,43.94499969
02-02-2007,56.93,646.2000122,2.410000086,43.93500137
05-02-2007,58.67,650.9000244,2.404500008,43.96500015
06-02-2007,,653.5999756,2.484499931,44.05400085
07-02-2007,,652.2999878,2.440999985,44.01399994
08-02-2007,57.24,658,2.438499928,44.05199814
09-02-2007,57.21,667.5,2.506500006,43.86500168
12-02-2007,55.52,662.5999756,2.467499971,44.07400131
13-02-2007,56.12,663.9000244,2.576999903,43.96099854
14-02-2007,55.05,667.4000244,2.569499969,43.87400055
15-02-2007,54.25,667.2999878,2.657999992,44.01499939
16-02-2007,56.78,668.7999878,2.638499975,43.80500031
19-02-2007,,,,43.99200058
20-02-2007,55.91,657.0999756,2.582000017,44.11700058
21-02-2007,57.74,680.2000122,2.651000023,44.07799911
22-02-2007,58.62,679.4000244,2.762000084,44.17100143
23-02-2007,60.38,683.0999756,2.836499929,44.01499939
26-02-2007,60.34,686.5,2.852499962,44.09799957
27-02-2007,60.28,683.9000244,2.805000067,44.11399841
28-02-2007,59.39,669.4000244,2.73300004,44.01599884
01-03-2007,61.18,662.2999878,2.736500025,44.19599915
02-03-2007,61.92,641.5,2.693000078,44.03499985
05-03-2007,,636.7000122,2.657999992,44.51399994
06-03-2007,59.68,643.7999878,2.700999975,44.11199951
07-03-2007,61.13,650.5999756,2.772000074,44.43500137
08-03-2007,60.9,653.4000244,2.825500011,44.11299896
09-03-2007,60.25,650,2.77699995,44.00999832
12-03-2007,60.59,648.4000244,2.844000101,44.0530014
13-03-2007,61.52,647.5999756,2.824500084,44.01499939
14-03-2007,60.89,640.9000244,2.822000027,44.23199844
15-03-2007,60.4,645.7000122,2.984999895,44.15200043
16-03-2007,60.93,652.5999756,3.008500099,43.88999939
19-03-2007,60.49,653.0999756,3.017499924,44.02000046
20-03-2007,60.11,657.9000244,3.030999899,43.45399857
21-03-2007,60.18,659,3.019000053,43.44200134
22-03-2007,61.57,663.4000244,3.067500114,43.43399811
23-03-2007,63.1,656.7000122,3.069000006,43.30500031
26-03-2007,64.43,663.4000244,3.124500036,43.15499878
27-03-2007,64.25,662.0999756,3.05250001,43.0530014
28-03-2007,66.15,666.5,3.051500082,43.09000015
29-03-2007,67.19,661.5,3.076499939,43.57500076
30-03-2007,68.47,663,3.14350009,43.04499817
02-04-2007,68.94,665.7000122,3.174000025,43.17399979
03-04-2007,68,664,3.309499979,43.01200104
04-04-2007,68.09,672.0999756,3.382499933,42.80799866
05-04-2007,69.15,674.2000122,3.371000051,42.69599915
06-04-2007,,,,42.69499969
09-04-2007,,671.9000244,3.496999979,42.87200165
10-04-2007,67.64,676.5,3.51699996,42.59400177
11-04-2007,68.6,676.7999878,3.575500011,42.61299896
12-04-2007,67.79,675.0999756,3.493000031,42.55199814
13-04-2007,68.78,685.4000244,3.529500008,42.36500168
16-04-2007,67.1,690.0999756,3.530999899,41.77500153
17-04-2007,66.34,688.2000122,3.674000025,41.85300064
18-04-2007,65.09,689.0999756,3.61500001,41.83499908
19-04-2007,66.17,684.2999878,3.584000111,42.07500076
20-04-2007,66.34,692,3.60649991,41.52000046
23-04-2007,66.8,690.5999756,3.630500078,41.58000183
24-04-2007,67.94,684.2000122,3.549999952,41.01300049
25-04-2007,67.44,684.0999756,3.585000038,40.85400009
26-04-2007,67.51,674.9000244,3.486999989,40.72900009
27-04-2007,67.28,678.7000122,3.514499903,40.72499847
30-04-2007,67.23,680.5,3.541500092,40.96900177
01-05-2007,67.4,674.4000244,3.615499973,41.11399841
02-05-2007,65.57,672.2999878,3.628499985,40.97600174
03-05-2007,64.85,681.7999878,3.711999893,40.93299866
04-05-2007,65.14,687.2000122,3.750499964,40.51499939
07-05-2007,62.7,688,3.710500002,40.70000076
08-05-2007,63.55,685.0999756,3.715500116,40.69100189
09-05-2007,63.5,680.2999878,3.675499916,40.61399841
10-05-2007,64.63,665.0999756,3.563999891,41.2159996
11-05-2007,65.18,670.5999756,3.601000071,40.67499924
14-05-2007,65.86,668.5,3.492000103,40.65499878
15-05-2007,66.74,673,3.533499956,40.88000107
16-05-2007,66.83,660.2000122,3.424000025,40.75799942
17-05-2007,69.08,656.2000122,3.309000015,40.52999878
18-05-2007,69.26,661,3.328500032,40.30500031
21-05-2007,69.51,662.9000244,3.405999899,40.53499985
22-05-2007,70.05,659.0999756,3.308500051,40.54199982
23-05-2007,71.01,661.9000244,3.303999901,40.49000168
24-05-2007,71.96,653,3.183500051,40.49499893
25-05-2007,70.72,655.0999756,3.326999903,40.21500015
28-05-2007,,,,40.51399994
29-05-2007,69.31,657.0999756,3.325999975,40.36899948
30-05-2007,67.64,653.0999756,3.305999994,40.52899933
31-05-2007,68.18,661,3.39350009,40.54600143
01-06-2007,68.65,671.2000122,3.402499914,40.21500015
04-06-2007,70.9,670.7000122,3.465500116,40.13499832
05-06-2007,71.36,669.5999756,3.446500063,40.15999985
06-06-2007,71.5,669.2999878,3.394999981,40.49300003
07-06-2007,72.36,660.0999756,3.377000093,40.45199966
08-06-2007,70.04,645.5,3.257999897,40.75999832
11-06-2007,68.85,654.2999878,3.351000071,40.50899887
12-06-2007,68.56,648.5,3.287499905,40.56999969
13-06-2007,69.24,648.2000122,3.318000078,40.55199814
14-06-2007,71.18,651.5999756,3.397500038,40.55699921
15-06-2007,71.63,654.5,3.423000097,40.45999908
18-06-2007,72.33,655.7999878,3.42050004,40.43700027
19-06-2007,72.17,660.7000122,3.399499893,40.65399933
20-06-2007,70.55,656.0999756,3.44749999,40.47999954
21-06-2007,71.81,650.5999756,3.406500101,40.5340004
22-06-2007,72.04,653.5,3.385499954,40.49499893
25-06-2007,71.36,651.2999878,3.40199995,40.65299988
26-06-2007,71.41,642.0999756,3.318000078,40.75299835
27-06-2007,71.84,641.7000122,3.35649991,40.81800079
28-06-2007,71.96,647.5,3.429500103,40.7140007
29-06-2007,72.22,648.0999756,3.453500032,40.52999878
02-07-2007,72.9,656.5,3.53550005,40.5320015
03-07-2007,74.26,652.9000244,3.562999964,40.35499954
04-07-2007,,,,40.4129982
05-07-2007,75.4,648.4000244,3.608500004,40.39500046
06-07-2007,76.58,652.7000122,3.611000061,40.31000137
09-07-2007,77.1,660.5,3.648499966,40.22900009
10-07-2007,77.88,662.5,3.628499985,40.17499924
11-07-2007,77.44,660.2999878,3.641499996,40.31000137
12-07-2007,78.24,666.7000122,3.601999998,40.45399857
13-07-2007,78.12,665.7999878,3.615499973,40.20000076
16-07-2007,78.17,665,3.588500023,40.17399979
17-07-2007,77.59,664.7000122,3.585000038,40.29299927
18-07-2007,78,672.5999756,3.609999895,40.33300018
19-07-2007,78.37,677.2000122,3.709500074,40.19400024
20-07-2007,79.09,683.9000244,3.753999949,40.125
23-07-2007,78.36,680.7999878,3.690000057,40.05099869
24-07-2007,75.88,684.2000122,3.648499966,40.21699905
25-07-2007,75.21,673.2999878,3.570499897,40.23199844
26-07-2007,77.28,662.5,3.52850008,40.17599869
27-07-2007,76.58,660,3.551000118,40.31999969
30-07-2007,76.07,664.0999756,3.592000008,40.45399857
31-07-2007,77.01,666.9000244,3.65350008,40.39799881
01-08-2007,77.11,663.5999756,3.595000029,40.3730011
02-08-2007,76.14,664.5999756,3.575000048,40.14899826
03-08-2007,75.36,672.5,3.484499931,40.19499969
06-08-2007,72.69,671.5,3.478499889,40.18899918
07-08-2007,70.42,670.5999756,3.515500069,40.3370018
08-08-2007,70.73,674.5,3.444999933,40.23199844
09-08-2007,70.08,661.4000244,3.371999979,40.43500137
10-08-2007,69.57,670.2999878,3.394500017,40.40000153
13-08-2007,71.3,669.7000122,3.482500076,40.34999847
14-08-2007,69.29,668.5999756,3.411999941,40.65499878
15-08-2007,71.3,668.9000244,3.374000072,40.8769989
16-08-2007,68.77,648.2999878,3.129499912,41.0929985
17-08-2007,69.8,656.9000244,3.156500101,40.98500061
20-08-2007,68.37,656.7000122,3.174000025,41.02000046
21-08-2007,67.88,656.7000122,3.162499905,40.95999908
22-08-2007,67.73,659.0999756,3.226999998,40.95999908
23-08-2007,68.73,658.9000244,3.286499977,40.77500153
24-08-2007,69.49,668,3.36500001,40.84000015
27-08-2007,68.85,666.7999878,3.384000063,40.90000153
28-08-2007,69.66,664.4000244,3.336999893,40.89300156
29-08-2007,70.48,666.2999878,3.345000029,40.89599991
30-08-2007,71.46,665,3.353499889,40.99100113
31-08-2007,72.29,673,3.411000013,40.57500076
03-09-2007,,,,40.79100037
04-09-2007,74.22,682.5,3.32249999,40.71500015
05-09-2007,74.72,681.7000122,3.279000044,40.83399963
06-09-2007,76.21,695.5999756,3.315500021,40.57500076
07-09-2007,75.08,700.7999878,3.259500027,40.34000015
10-09-2007,74.97,703.2999878,3.263999939,
11-09-2007,76.23,712.2000122,3.388999939,40.35400009
12-09-2007,77.15,711.9000244,3.359499931,40.27199936
13-09-2007,77.84,709.5,3.394999981,40.35699844
14-09-2007,78.27,709.5999756,3.391000032,40.28499985
17-09-2007,77.99,715.7999878,3.417500019,40.3769989
18-09-2007,77,715.7999878,3.442500114,40.21699905
19-09-2007,78.47,722,3.567500114,40.03300095
20-09-2007,78.48,732.4000244,3.573999882,39.61500168
21-09-2007,78.91,731.4000244,3.57249999,39.77000046
24-09-2007,77.87,732.0999756,3.627000093,39.43099976
25-09-2007,76.82,731.5999756,3.611500025,39.65999985
26-09-2007,76.21,728.2999878,3.612999916,39.63299942
27-09-2007,78.88,732.7000122,3.635999918,39.65299988
28-09-2007,80.97,742.7999878,3.630500078,39.57500076
01-10-2007,78.33,747.2000122,3.680999994,39.66799927
02-10-2007,76.87,729.7999878,3.700500011,39.57300186
03-10-2007,77.8,729.2999878,3.749500036,39.31999969
04-10-2007,77.84,737.7999878,3.714999914,39.2159996
05-10-2007,79.05,741.2999878,3.696500063,39.40499878
08-10-2007,76.94,732.7999878,3.592999935,39.35200119
09-10-2007,77.82,737.4000244,3.601000071,39.15499878
10-10-2007,77.85,740.4000244,3.676000118,39.17499924
11-10-2007,80.83,751.2999878,3.648999929,39.23600006
12-10-2007,80.82,748.7000122,3.630500078,39.09500122
15-10-2007,82.5,757.0999756,3.663500071,39.23600006
16-10-2007,84.43,757,3.624000072,39.15499878
17-10-2007,85.24,757.5,3.584500074,39.47100067
18-10-2007,85.03,764.0999756,3.533499956,39.55500031
19-10-2007,84.25,764,3.547499895,39.45000076
22-10-2007,82.72,755.7999878,3.477999926,39.65200043
23-10-2007,82.31,759,3.505000114,39.41500092
24-10-2007,83.47,761.5999756,3.450999975,39.375
25-10-2007,85.4,767.2999878,3.480000019,39.47299957
26-10-2007,84.71,783.9000244,3.529500008,39.23500061
29-10-2007,89.87,789.0999756,3.513000011,39.21500015
30-10-2007,89.87,784.2999878,3.474499941,39.31000137
31-10-2007,89.87,792,3.467999935,39.17399979
01-11-2007,90.36,790.7000122,3.355999947,39.25600052
02-11-2007,92.11,805.7000122,3.317500114,39.19499969
05-11-2007,92.16,808.0999756,3.29399991,39.25600052
06-11-2007,93.99,820.7999878,3.332499981,39.21500015
07-11-2007,94.85,831,3.250999928,39.12900162
08-11-2007,94.4,835.2000122,3.197000027,39.24900055
09-11-2007,92.32,832.5,3.142499924,39.04499817
12-11-2007,91.56,805.7999878,3.105000019,39.27199936
13-11-2007,89.09,797.2000122,3.101999998,39.35300064
14-11-2007,90.73,813,3.301500082,39.25999832
15-11-2007,90.32,785.9000244,3.082000017,39.2140007
16-11-2007,91.99,785.7000122,3.155999899,39.17499924
19-11-2007,91.59,776.7999878,2.980499983,39.15499878
20-11-2007,94.13,790.2999878,3.025500059,39.15599823
21-11-2007,94.97,797.5999756,2.887000084,39.25500107
22-11-2007,,,,39.45500183
23-11-2007,95.33,824,2.984999895,39.59999847
26-11-2007,94.88,826,3.019000053,
27-11-2007,93.23,813.7000122,2.958499908,39.7159996
28-11-2007,91.64,800.0999756,3.000999928,39.63100052
29-11-2007,92.34,795.2999878,3.063499928,39.57300186
30-11-2007,88.71,782.2000122,3.157000065,39.45500183
03-12-2007,87.85,788.2999878,3.061000109,39.49399948
04-12-2007,89.97,801.2999878,2.997999907,39.35200119
05-12-2007,90.7,797.5,3.016000032,39.39799881
06-12-2007,88.46,801.2000122,3.01850009,39.39199829
07-12-2007,88.46,794.4000244,3.094500065,39.36000061
10-12-2007,87.33,807.7000122,3.061000109,39.34400177
11-12-2007,87.77,811.4000244,3.057499886,39.29299927
12-12-2007,91.69,813.5,3.016000032,39.29399872
13-12-2007,92.57,799,2.939500093,39.30899811
14-12-2007,91.86,793.2999878,2.936500072,39.24000168
17-12-2007,90.32,794.7999878,2.872999907,39.3730011
18-12-2007,90.71,803,2.869999886,
19-12-2007,90.98,801.0999756,2.945499897,39.49000168
20-12-2007,91.06,799.2000122,2.958499908,39.48899841
21-12-2007,91.03,811.5999756,3.093499899,39.23500061
24-12-2007,91.59,812.7999878,3.147000074,39.2519989
25-12-2007,,,,39.23500061
26-12-2007,,826,3.154999971,39.38999939
27-12-2007,95.66,828.5999756,3.105000019,39.1969986
28-12-2007,95.92,839.5999756,3.057499886,39.24499893
31-12-2007,93.68,834.9000244,3.030499935,39.24499893
01-01-2008,,,,39.24499893
02-01-2008,97.01,857,3.050499916,39.375
03-01-2008,98.45,866.4000244,3.173000097,39.35300064
04-01-2008,96.87,863.0999756,3.141499996,39.09500122
07-01-2008,94.19,859.5999756,3.125,39.21300125
08-01-2008,96.37,878,3.273499966,39.19599915
09-01-2008,96.76,879.5,3.264499903,39.21300125
10-01-2008,92.8,891.7000122,3.260999918,39.2159996
11-01-2008,91.86,896.0999756,3.283499956,39.09500122
14-01-2008,92.58,901.5999756,3.316999912,39.21699905
15-01-2008,90.87,901,3.220000029,39.19200134
16-01-2008,88.1,880.5999756,3.161499977,39.17100143
17-01-2008,88.96,879.5,3.17050004,39.19100189
18-01-2008,89.66,880.7999878,3.224499941,39.2840004
21-01-2008,,,,39.47600174
22-01-2008,88.11,889.5999756,3.188999891,39.31000137
23-01-2008,87.06,882.5,3.063499928,39.47299957
24-01-2008,87.69,905.5,3.164999962,39.36899948
25-01-2008,90.96,910.5,3.176000118,39.27500153
28-01-2008,90.91,927.0999756,3.181999922,39.29499817
29-01-2008,92.49,925.0999756,3.289000034,39.20999908
30-01-2008,92.46,920.5999756,3.21600008,39.34700012
31-01-2008,91.58,922.7000122,3.289499998,39.31399918
01-02-2008,91.41,908.7000122,3.260499954,39.27299881
04-02-2008,91.09,904.9000244,3.288000107,39.27199936
05-02-2008,89.6,885.9000244,3.203500032,39.45100021
06-02-2008,88.73,900.7000122,3.307499886,39.5359993
07-02-2008,88.55,906.0999756,3.447999954,39.45899963
08-02-2008,91.45,918.4000244,3.534499884,39.53499985
11-02-2008,93.93,922.9000244,3.553499937,39.52600098
12-02-2008,94.28,907.4000244,3.555000067,39.57500076
13-02-2008,93.82,906.5,3.525500059,39.63399887
14-02-2008,95.92,907.4000244,3.487999916,39.57600021
15-02-2008,96.96,902.7999878,3.520999908,39.58499908
18-02-2008,,,,39.63600159
19-02-2008,97.03,926.5999756,3.724999905,39.68500137
20-02-2008,97.88,934.5999756,3.705499887,40.13399887
21-02-2008,97.52,946.0999756,3.810499907,39.91500092
22-02-2008,96.07,944.7000122,3.786999941,39.97499847
25-02-2008,97.43,937.5999756,3.741499901,39.9129982
26-02-2008,99.05,946.0999756,3.780999899,39.81499863
27-02-2008,98.28,958.2000122,3.839999914,39.68999863
28-02-2008,99.83,964.5,3.863500118,39.81600189
29-02-2008,100.9,972.0999756,3.851999998,39.90999985
03-03-2008,101.83,981.5,3.930999994,40.25400162
04-03-2008,98.6,963.9000244,3.826999903,40.20899963
05-03-2008,100.95,986.2000122,3.989500046,40.17399979
06-03-2008,103.47,975,3.914499998,40.04399872
07-03-2008,104.66,972.2000122,3.931999922,40.23899841
10-03-2008,105.33,969.9000244,3.808500051,40.31399918
11-03-2008,106.78,974.2000122,3.799000025,40.17499924
12-03-2008,107.99,978.7999878,3.851500034,39.97900009
13-03-2008,109.18,992.2999878,3.839999914,40.12400055
14-03-2008,109.16,998.2000122,3.846999884,40.07500076
17-03-2008,104.41,1001.400024,3.711999893,40.37400055
18-03-2008,105.35,1003.200012,3.770499945,40.15399933
19-03-2008,102.65,944.7000122,3.659499884,40.13299942
20-03-2008,99.78,919.5999756,3.611000061,40.27500153
21-03-2008,,,,40.18500137
24-03-2008,100.93,918.2999878,3.654999971,40.18500137
25-03-2008,99.91,934.5999756,3.699500084,40.05199814
26-03-2008,102.83,949,3.750999928,40.05699921
27-03-2008,103.89,948.7999878,3.90350008,39.94499969
28-03-2008,102.68,930.5999756,3.855999947,39.61500168
31-03-2008,102.33,916.2000122,3.863500118,39.88899994
01-04-2008,98.69,882.9000244,3.825999975,
02-04-2008,98.85,895.2000122,3.888499975,39.91999817
03-04-2008,102.31,905,3.924000025,39.88399887
04-04-2008,102.21,909,3.978499889,39.80500031
07-04-2008,105.98,922.7000122,3.994499922,39.8730011
08-04-2008,105.05,914,3.90899992,39.82899857
09-04-2008,107.46,933.5999756,4.027999878,39.81700134
10-04-2008,107.37,928.2999878,3.953999996,39.88999939
11-04-2008,107.15,923.5999756,3.974499941,39.77500153
14-04-2008,108.32,925.4000244,3.926500082,39.86899948
15-04-2008,110.84,928.7000122,3.891000032,39.86399841
16-04-2008,110.95,945.0999756,3.987999916,39.82899857
17-04-2008,111.34,939.7999878,3.941999912,39.87200165
18-04-2008,110.67,912.2000122,3.919500113,39.65399933
21-04-2008,111.35,914.7000122,3.898000002,39.81700134
22-04-2008,113.54,922.2999878,4.00549984,39.82799911
23-04-2008,115.34,906.2000122,3.947000027,39.86000061
24-04-2008,114.85,886.7999878,3.894999981,40.03499985
25-04-2008,116.62,887.2000122,3.959500074,40.06499863
28-04-2008,115.7,892.9000244,3.983999968,40.03099823
29-04-2008,113.86,874.2000122,3.899499893,40.29999924
30-04-2008,111.12,862.7999878,3.934000015,40.38600159
01-05-2008,107.3,848.9000244,3.725500107,
02-05-2008,111.92,856.0999756,3.85800004,40.48500061
05-05-2008,115.68,872.2999878,3.978499889,40.52000046
06-05-2008,119.88,876,3.912499905,40.67300034
07-05-2008,120.27,869.5999756,3.862999916,41.31600189
08-05-2008,119.85,880.5999756,3.820499897,41.70000076
09-05-2008,123.54,884.5,3.753499985,41.41199875
12-05-2008,122.89,883.7000122,3.78399992,41.83100128
13-05-2008,123.11,868.5,3.765000105,41.97399902
14-05-2008,121.18,865.4000244,3.707000017,42.36500168
15-05-2008,122.76,879,3.760999918,42.36899948
16-05-2008,122.98,899,3.84649992,42.36600113
19-05-2008,122.19,905,3.79550004,42.35100174
20-05-2008,124.12,919.5,3.790499926,42.61100006
21-05-2008,127.28,928,3.753499985,42.61999893
22-05-2008,129.04,917.9000244,3.722500086,43.07799911
23-05-2008,129.72,925.5999756,3.755000114,42.61000061
26-05-2008,,,,42.54499817
27-05-2008,128.92,907.7000122,3.740999937,42.81100082
28-05-2008,128.93,900.5,3.728499889,42.77199936
29-05-2008,129.33,877.2000122,3.569000006,42.67599869
30-05-2008,127.85,887.2999878,3.628000021,42.53099823
02-06-2008,128.5,892.9000244,3.608999968,42.18999863
03-06-2008,126.28,881.5999756,3.585999966,42.24200058
04-06-2008,121.72,879.9000244,3.552999973,42.51200104
05-06-2008,122.36,871.7999878,3.552999973,42.79299927
06-06-2008,132.81,895.4000244,3.624000072,42.7159996
09-06-2008,134.43,894.7000122,3.611500025,42.80899811
10-06-2008,135.24,867.9000244,3.556999922,42.83000183
11-06-2008,134.52,879.7000122,3.575500011,42.5929985
12-06-2008,132.11,869.2000122,3.532500029,42.74900055
13-06-2008,134.29,870.2999878,3.594000101,42.83100128
16-06-2008,133.9,883.5999756,3.679500103,42.81399918
17-06-2008,131.27,884.2999878,3.658499956,42.7120018
18-06-2008,129.12,890.9000244,3.745500088,42.84199905
19-06-2008,131.84,901.7000122,3.777499914,42.85400009
20-06-2008,134.28,901.2999878,3.832000017,42.79999924
23-06-2008,134.54,884.7999878,3.813999891,42.89500046
24-06-2008,135.37,889.2000122,3.793499947,42.84799957
25-06-2008,131.59,880,3.78550005,42.68899918
26-06-2008,136.82,913.0999756,3.823499918,42.65200043
27-06-2008,139.38,929.2999878,3.884000063,42.71500015
30-06-2008,138.4,926.2000122,3.895499945,42.85200119
01-07-2008,140.67,942.5,3.922499895,
02-07-2008,141.24,944.7999878,4.077499866,43.11399841
03-07-2008,143.95,931.9000244,3.963000059,43.1969986
04-07-2008,,,,43.08499908
07-07-2008,139.62,927.2999878,3.86500001,43.15100098
08-07-2008,134.15,921.9000244,3.712500095,43.29199982
09-07-2008,133.91,927.2999878,3.755000114,43.07300186
10-07-2008,135.81,940.9000244,3.733500004,43.09199905
11-07-2008,143.68,959.5,3.755500078,42.83200073
14-07-2008,142.43,972.7000122,3.769500017,42.67699814
15-07-2008,136.02,977.7000122,3.721999884,43.11100006
16-07-2008,133.31,961.7999878,3.677000046,43.09199905
17-07-2008,134.16,970,3.734999895,42.73099899
18-07-2008,129.34,957.2999878,3.686500072,42.7159996
21-07-2008,129.34,963.0999756,3.710000038,42.65299988
22-07-2008,127.18,948,3.735500097,42.65299988
23-07-2008,126.86,922.4000244,3.716500044,41.99700165
24-07-2008,125.43,922,3.677000046,41.99599838
25-07-2008,124.7,926.5999756,3.703999996,42.27799988
28-07-2008,125.67,927.5999756,3.709500074,42.19200134
29-07-2008,125.77,916.4000244,3.683500051,42.51599884
30-07-2008,122.46,902.9000244,3.679500103,42.4109993
31-07-2008,124.1,913.9000244,3.716500044,42.43399811
01-08-2008,124.16,909,3.628499985,
04-08-2008,121.87,900.0999756,3.487499952,
05-08-2008,116.5,878.5999756,3.457000017,
06-08-2008,114.47,875.5999756,3.463000059,
07-08-2008,116.94,870.7000122,3.457999945,
08-08-2008,113.03,857.7999878,3.400500059,
11-08-2008,110.54,821.5,3.358999968,
12-08-2008,108.98,808.2000122,3.234999895,
13-08-2008,110.68,825,3.367000103,
14-08-2008,111.82,808.2000122,3.322999954,
15-08-2008,108.8,786,3.342499971,
18-08-2008,109.33,799.7000122,3.355000019,
19-08-2008,109.02,811.0999756,3.44749999,
20-08-2008,108.72,810.2999878,3.410000086,
21-08-2008,117.24,833,3.561000109,
22-08-2008,113.99,827.4000244,3.508500099,
25-08-2008,109.74,819.7999878,3.519000053,
26-08-2008,112.2,822.2000122,3.478499889,43.67499924
27-08-2008,113.05,828.0999756,3.507499933,43.65399933
28-08-2008,113.54,830.9000244,3.427000046,43.65000153
29-08-2008,113.49,829.2999878,3.429500103,43.625
01-09-2008,,,,43.97399902
02-09-2008,104.94,805,3.32249999,44.25699997
03-09-2008,103.88,802.7000122,3.354000092,43.89300156
04-09-2008,103.41,797.9000244,3.296999931,44.38800049
05-09-2008,102.51,797.5999756,3.123500109,44.57300186
08-09-2008,101.08,797.5,3.108999968,44.17599869
09-09-2008,98.94,787.0999756,3.095000029,44.7859993
10-09-2008,96,757.9000244,3.123500109,45.05899811
11-09-2008,96.01,741.2999878,3.134500027,45.38999939
12-09-2008,94.37,760.2999878,3.209000111,45.61100006
15-09-2008,90.45,783.0999756,3.184000015,45.83000183
16-09-2008,85.85,776.5,3.112999916,46.68999863
17-09-2008,86.09,846.5999756,3.071000099,46.0870018
18-09-2008,90.89,892.7000122,3.095499992,46.52899933
19-09-2008,93.46,860.5999756,3.184999943,45.70500183
22-09-2008,100.43,903.9000244,3.266000032,45.24399948
23-09-2008,100.72,885.5,3.167000055,45.77199936
24-09-2008,102.09,889,3.121500015,45.89500046
25-09-2008,100.45,877.7000122,3.145499945,46.16999817
26-09-2008,100.88,882.9000244,3.07949996,46.4980011
29-09-2008,95.96,888.2000122,2.917500019,46.49300003
30-09-2008,93.52,874.2000122,2.888000011,46.60100174
01-10-2008,92.19,880.7000122,2.796999931,46.56700134
02-10-2008,88.88,839,2.652499914,46.39899826
03-10-2008,88.95,828.9000244,2.704999924,46.97299957
06-10-2008,84.71,862.7000122,2.503999949,47.56499863
07-10-2008,83.17,878.4000244,2.544500113,47.7179985
08-10-2008,80.77,903.0999756,2.366499901,47.95000076
09-10-2008,81.65,883.0999756,2.424000025,47.58800125
10-10-2008,74.58,855.4000244,2.156500101,48.42300034
13-10-2008,74.37,838.9000244,2.328000069,48.13600159
14-10-2008,74.98,836.2999878,2.409499884,47.9980011
15-10-2008,66.86,835.5,2.223500013,48.40499878
16-10-2008,64.14,801.5,2.098999977,48.65299988
17-10-2008,66.05,785.0999756,2.180999994,48.82300186
20-10-2008,67.45,787.5999756,2.118999958,48.69400024
21-10-2008,65.99,766.0999756,2.006999969,48.89699936
22-10-2008,62.95,733.2999878,1.850999951,49.20800018
23-10-2008,65.06,713.2999878,1.79550004,49.58499908
24-10-2008,60.57,729.0999756,1.674999952,49.75500107
27-10-2008,59.34,741.7000122,1.786000013,49.72000122
28-10-2008,58.87,739.2999878,1.841500044,49.16600037
29-10-2008,64,752.7999878,2.071500063,49.48099899
30-10-2008,60.86,737.2000122,1.888499975,49.37099838
31-10-2008,60,716.7999878,1.843999982,49.40299988
03-11-2008,60.32,725.4000244,1.837499976,48.3730011
04-11-2008,62.78,756,1.950999975,47.65399933
05-11-2008,61.09,741.2999878,1.81400001,47.22900009
06-11-2008,56.14,731.2000122,1.722499967,47.47600174
07-11-2008,56.84,733.2000122,1.692499995,47.55500031
10-11-2008,57.08,745.5999756,1.746500015,47.29199982
11-11-2008,54.76,732,1.642500043,47.88899994
12-11-2008,52.47,717.7000122,1.649500012,49.28499985
13-11-2008,51.32,704.9000244,1.61500001,48.99499893
14-11-2008,50.7,742.4000244,1.701500058,48.78300095
17-11-2008,50.82,741.9000244,1.649500012,48.7859993
18-11-2008,49.1,732.5999756,1.654999971,49.58200073
19-11-2008,48.35,735.9000244,1.594499946,49.65200043
20-11-2008,45.79,748.5999756,1.568500042,50.40100098
21-11-2008,44.91,791.7000122,1.57099998,49.54800034
24-11-2008,49.51,819.4000244,1.666000009,49.79399872
25-11-2008,47.51,818.4000244,1.646000028,49.58300018
26-11-2008,49.39,808.5,1.667999983,49.28900146
27-11-2008,,,,48.99399948
28-11-2008,47.72,816.2000122,1.62349999,49.86999893
01-12-2008,47.58,774.5999756,1.603500009,50.18799973
02-12-2008,45.64,781.2999878,1.578500032,50.0909996
03-12-2008,44.39,768.7999878,1.533499956,49.84799957
04-12-2008,43.83,763.7999878,1.452000022,49.57600021
05-12-2008,37.04,750.5,1.355000019,49.56299973
08-12-2008,40.02,767.4000244,1.478000045,49.42100143
09-12-2008,39.77,772.4000244,1.421499968,48.89199829
10-12-2008,39.34,807.0999756,1.468999982,48.97299957
11-12-2008,43.54,824.9000244,1.486500025,48.38999939
12-12-2008,42.38,818.9000244,1.406000018,48.23300171
15-12-2008,45.02,835.4000244,1.38499999,47.48699951
16-12-2008,42,841.7000122,1.354500055,47.76800156
17-12-2008,41.84,867.5,1.347000003,47.57099915
18-12-2008,40.19,859.5999756,1.269500017,46.64699936
19-12-2008,39.52,836.4000244,1.304999948,47.0379982
22-12-2008,38.08,846.2000122,1.317000031,47.93299866
23-12-2008,35.27,837.2000122,1.253000021,48.63000107
24-12-2008,34.45,847.0999756,1.247499943,48.0719986
25-12-2008,,,,48.68299866
26-12-2008,33.73,870.4000244,1.274500012,48.68299866
29-12-2008,34.16,874.5999756,1.297000051,48.01699829
30-12-2008,35.22,869.2999878,1.307000041,48.45000076
31-12-2008,35.82,883.5999756,1.394999981,48.06499863
01-01-2009,,,,48.06499863
02-01-2009,42.94,878.7999878,1.444000006,48.24499893
05-01-2009,45.84,857.2000122,1.442000031,48.22900009
06-01-2009,48.89,865.4000244,1.565999985,48.50500107
07-01-2009,46.23,841.0999756,1.494500041,48.55099869
08-01-2009,42.94,853.9000244,1.463000059,48.36500168
09-01-2009,42.34,854.2999878,1.54550004,48.4679985
12-01-2009,40.86,820.2999878,1.475000024,48.49200058
13-01-2009,43.05,820.0999756,1.532500029,48.86999893
14-01-2009,42.27,808.2000122,1.47300005,48.65000153
15-01-2009,42.32,806.7000122,1.438500047,48.66999817
16-01-2009,43.42,839.2999878,1.513499975,48.64300156
19-01-2009,,,,48.53900146
20-01-2009,41.22,854.5999756,1.49000001,48.9090004
21-01-2009,39.9,849.5999756,1.41900003,49.13299942
22-01-2009,42.42,858.2000122,1.381000042,49.08100128
23-01-2009,43.13,895.2999878,1.457499981,49.01800156
26-01-2009,48,908.5,1.572000027,48.46900177
27-01-2009,42.86,899.2000122,1.470000029,48.79100037
28-01-2009,42.86,888.0999756,1.480499983,48.79199982
29-01-2009,43.13,905.0999756,1.450000048,48.8730011
30-01-2009,44.17,927.2999878,1.462000012,48.73300171
02-02-2009,42.96,906.7000122,1.423499942,48.92499924
03-02-2009,43.15,892,1.514999986,48.73600006
04-02-2009,43.68,901.5999756,1.524000049,48.55099869
05-02-2009,43.92,913.5999756,1.493999958,48.71500015
06-02-2009,44.49,913.9000244,1.622499943,48.09000015
09-02-2009,47.23,892.4000244,1.60650003,48.5359993
10-02-2009,45.88,913.7000122,1.570000052,48.59199905
11-02-2009,44.24,943.7999878,1.534000039,48.60800171
12-02-2009,47.23,948.5,1.529500008,48.74700165
13-02-2009,43.36,941.5,1.534999967,48.75999832
16-02-2009,,,,48.7179985
17-02-2009,39.69,967,1.42050004,49.45000076
18-02-2009,39.41,977.7000122,1.433500051,49.89500046
19-02-2009,42.36,976.0999756,1.468000054,49.59999847
20-02-2009,42.19,1001.799988,1.414000034,49.06800079
23-02-2009,41.27,994.5999756,1.434499979,49.30199814
24-02-2009,40.18,969.0999756,1.483999968,49.77399826
25-02-2009,42.37,965.7000122,1.521999955,49.7519989
26-02-2009,45.15,941.7999878,1.565000057,50.19200134
27-02-2009,44.41,941.5,1.526000023,50.65000153
02-03-2009,42.6,939,1.507500052,51.54600143
03-03-2009,42.72,912.9000244,1.595999956,51.88899994
04-03-2009,46.07,906,1.685500026,51.43199921
05-03-2009,44.45,927,1.646000028,51.69300079
06-03-2009,43.48,942.0999756,1.680500031,51.56399918
09-03-2009,44.55,917.7000122,1.629500031,51.78699875
10-03-2009,44.99,895.5999756,1.674499989,51.52399826
11-03-2009,43.2,910.4000244,1.616000056,51.08599854
12-03-2009,42.19,923.7000122,1.617499948,51.6269989
13-03-2009,44.97,929.7999878,1.658499956,51.48899841
16-03-2009,44.12,921.5999756,1.739500046,51.28900146
17-03-2009,45.53,916.4000244,1.717499971,51.29499817
18-03-2009,45.22,888.7000122,1.708999991,51.22999954
19-03-2009,48.03,958.2999878,1.797999978,50.31399918
20-03-2009,49.27,955.7999878,1.787500024,50.58800125
23-03-2009,51.84,952.0999756,1.832000017,50.30400085
24-03-2009,51.32,923.2999878,1.798499942,50.32799911
25-03-2009,51.46,935.4000244,1.797000051,50.39699936
26-03-2009,51.89,939.5999756,1.849499941,50.34600067
27-03-2009,50.81,923,1.833500028,50.92499924
30-03-2009,49.05,915.5,1.761000037,50.96900177
31-03-2009,46.13,922.5999756,1.838999987,50.7840004
01-04-2009,45.92,926.0999756,1.845499992,50.54299927
02-04-2009,50.89,907.4000244,1.888000011,50.24100113
03-04-2009,50.48,895.5999756,1.999500036,49.84799957
06-04-2009,50.91,871.5,1.958500028,49.91199875
07-04-2009,50.62,882.2000122,1.991000056,49.84799957
08-04-2009,52.06,884.7999878,1.998000026,50.09000015
09-04-2009,52.33,882.2000122,2.070499897,49.83000183
10-04-2009,,,,49.62799835
13-04-2009,50.73,894.7000122,2.125499964,49.74000168
14-04-2009,52.06,890.9000244,2.11500001,49.73300171
15-04-2009,51.31,892.7999878,2.203500032,49.59700012
16-04-2009,51.83,879.2999878,2.183500051,49.75500107
17-04-2009,52.02,867.4000244,2.211499929,49.63199997
20-04-2009,49.06,887,2.128499985,50.0530014
21-04-2009,48.69,882.0999756,2.111000061,50.26699829
22-04-2009,48.5,891.7999878,2.074500084,50.29000092
23-04-2009,48.29,905.9000244,2.013000011,49.84999847
24-04-2009,50.29,913.5999756,2.071000099,49.60900116
27-04-2009,48.67,907.4000244,2.003999949,50.08599854
28-04-2009,48.64,892.7999878,1.914000034,50.43600082
29-04-2009,50.22,899.7999878,2.00999999,49.87099838
30-04-2009,50.3,890.7000122,2.052999973,49.18799973
01-05-2009,51.75,887.5999756,2.101500034,49.19200134
04-05-2009,53.26,901.5999756,2.144999981,49.61000061
05-05-2009,53.16,903.7000122,2.084500074,49.31100082
06-05-2009,55.07,910.5,2.188499928,49.30799866
07-05-2009,56.63,915,2.165499926,49.18999863
08-05-2009,56.02,914.4000244,2.147000074,49.15000153
11-05-2009,55.99,913,2.093499899,49.29299927
12-05-2009,56.52,923.5,2.089999914,49.27299881
13-05-2009,56.84,925.5,2.036999941,49.53099823
14-05-2009,56.25,928,2.035000086,49.75500107
15-05-2009,56.33,930.9000244,2.028000116,49.41199875
18-05-2009,56.51,921.2999878,2.075500011,47.58800125
19-05-2009,57.12,926.2999878,2.069499969,47.43000031
20-05-2009,59.1,937,2.108500004,47.22800064
21-05-2009,58.02,950.7999878,2.053999901,47.23099899
22-05-2009,58.7,958.5,2.102499962,47.14500046
25-05-2009,,,,47.27799988
26-05-2009,59.05,953.0999756,2.147500038,47.52500153
27-05-2009,61.28,953.2000122,2.116499901,47.50899887
28-05-2009,63.47,961.5,2.135499954,47.51499939
29-05-2009,64.98,978.7999878,2.19749999,46.96900177
01-06-2009,66.6,978.5999756,2.319000006,46.90100098
02-06-2009,67.67,983.2000122,2.296499968,46.93099976
03-06-2009,66.15,964.5,2.211499929,46.89099884
04-06-2009,67.68,981.2000122,2.301500082,47.13000107
05-06-2009,67.77,961.7000122,2.280999899,46.96699905
08-06-2009,67.61,951.7000122,2.246999979,47.31700134
09-06-2009,68.94,954,2.358500004,47.25299835
10-06-2009,70.52,954,2.359999895,47.15000153
11-06-2009,71.71,961.2999878,2.437999964,47.36500168
12-06-2009,70.62,940.0999756,2.367500067,47.30899811
15-06-2009,68.49,926.9000244,2.281500101,47.81200027
16-06-2009,70.52,931.5999756,2.252500057,47.69499969
17-06-2009,68.95,935.4000244,2.256500006,47.99499893
18-06-2009,69.96,934,2.26699996,47.95800018
19-06-2009,70.48,935.5999756,2.245500088,48.10800171
22-06-2009,66.13,920.5999756,2.127000093,48.26800156
23-06-2009,66.36,923.9000244,2.194000006,48.59199905
24-06-2009,68.47,934.0999756,2.266000032,48.35100174
25-06-2009,68.82,939.0999756,2.299999952,48.51100159
26-06-2009,68.1,940.7000122,2.293499947,48.0359993
29-06-2009,69.75,940.4000244,2.3125,48.02899933
30-06-2009,68.11,927.0999756,2.257999897,47.80099869
01-07-2009,68.52,941,2.315000057,47.85200119
02-07-2009,65.74,930.7000122,2.289999962,47.85900116
03-07-2009,,,,47.86999893
06-07-2009,63.12,924,2.250499964,48.43899918
07-07-2009,61.54,928.7999878,2.213999987,48.11100006
08-07-2009,59.71,909,2.148000002,48.8370018
09-07-2009,59.17,915.9000244,2.226500034,48.69300079
10-07-2009,58.43,912.2000122,2.200500011,48.87099838
13-07-2009,58.25,922.2000122,2.213000059,49.32500076
14-07-2009,60.48,922.5,2.289999962,48.7480011
15-07-2009,61.25,939.0999756,2.382499933,48.28900146
16-07-2009,62.02,935.0999756,2.380000114,48.47100067
17-07-2009,63.54,937.2000122,2.414000034,48.63600159
20-07-2009,64.64,948.5,2.460000038,48.16899872
21-07-2009,65.93,946.5999756,2.443500042,48.35400009
22-07-2009,65.36,953,2.517999887,48.44499969
23-07-2009,68.06,954.5,2.519000053,48.3730011
24-07-2009,68.82,952.7999878,2.51699996,48.13000107
27-07-2009,69.78,953.2999878,2.539999962,48.09199905
28-07-2009,68.53,939,2.515000105,48.13299942
29-07-2009,65.79,927.2000122,2.471999884,48.39199829
30-07-2009,68.82,934.9000244,2.556999922,48.27500153
31-07-2009,70.08,953.7000122,2.616499901,47.62599945
03-08-2009,72.9,956.5999756,2.73149991,47.61600113
04-08-2009,73.82,967.5,2.789000034,47.47000122
05-08-2009,74.39,964.2000122,2.806499958,47.56999969
06-08-2009,74.61,960.7000122,2.747499943,47.61399841
07-08-2009,74.21,957.2999878,2.781500101,47.86899948
10-08-2009,73.79,945,2.766499996,47.70700073
11-08-2009,71.58,945.7999878,2.733500004,47.91400146
12-08-2009,74.03,950.7000122,2.820499897,48.28699875
13-08-2009,73.76,954.7000122,2.91050005,48.05400085
14-08-2009,71.33,947,2.834000111,48.20999908
17-08-2009,68.65,934.2999878,2.767999887,48.57099915
18-08-2009,68.66,937.7000122,2.759500027,48.68899918
19-08-2009,72.81,943.2999878,2.756999969,48.67100143
20-08-2009,73.75,940.2999878,2.737999916,48.61600113
21-08-2009,73.71,953.2000122,2.878999949,48.43299866
24-08-2009,74.34,942.2999878,2.914000034,48.4090004
25-08-2009,73.1,944.5,2.854000092,48.67300034
26-08-2009,70.74,944.2999878,2.855499983,48.77399826
27-08-2009,70.68,945.5,2.845499992,48.88899994
28-08-2009,72.8,957,2.923000097,48.52799988
31-08-2009,69.02,951.7000122,2.808000088,48.75
01-09-2009,68.78,954.7000122,2.796499968,48.80799866
02-09-2009,67.6,976.5999756,2.80250001,48.89199829
03-09-2009,66.78,995.7999878,2.843499899,48.83300018
04-09-2009,65.84,994.9000244,2.843499899,48.81800079
07-09-2009,,,,48.56800079
08-09-2009,69.2,997.9000244,2.934499979,48.45000076
09-09-2009,69.76,995.2999878,2.905999899,48.43999863
10-09-2009,68.96,995.4000244,2.859499931,48.57400131
11-09-2009,68.76,1004.900024,2.827500105,48.39400101
14-09-2009,66.91,999.9000244,2.786999941,48.63600159
15-09-2009,66.53,1005,2.828500032,48.47100067
16-09-2009,68.51,1018.900024,2.92050004,48.14599991
17-09-2009,71.56,1012.299988,2.880000114,48.02000046
18-09-2009,70.72,1009.200012,2.770999908,48.0379982
21-09-2009,68.11,1003.700012,2.792500019,47.99000168
22-09-2009,69.65,1014.200012,2.852499962,48.0530014
23-09-2009,67.43,1013,2.796499968,47.95100021
24-09-2009,64.99,997.5,2.699500084,47.90800095
25-09-2009,64.6,990.2000122,2.730999947,47.93799973
28-09-2009,65.43,992.5,2.713999987,47.74599838
29-09-2009,64.63,993.0999756,2.714999914,48.06800079
30-09-2009,65.82,1008,2.809000015,47.81000137
01-10-2009,67.12,999.5,2.725500107,47.73799896
02-10-2009,66.5,1003.200012,2.671499968,47.62799835
05-10-2009,65.26,1016.700012,2.717999935,47.40800095
06-10-2009,68.51,1038.599976,2.775500059,46.79000092
07-10-2009,67.65,1043.300049,2.770499945,46.59799957
08-10-2009,68.47,1055.400024,2.887000084,46.2179985
09-10-2009,69.45,1047.800049,2.828500032,46.45800018
12-10-2009,70.75,1056.699951,2.84800005,46.33800125
13-10-2009,70.81,1064.199951,2.786000013,46.28300095
14-10-2009,72.16,1063.900024,2.836499929,46.01800156
15-10-2009,73.14,1049.800049,2.851000071,45.95000076
16-10-2009,74.58,1050.699951,2.837500095,46.20000076
19-10-2009,75.86,1057.300049,2.956500053,45.95000076
20-10-2009,76.51,1057.800049,2.922499895,46.25799942
21-10-2009,77.74,1063.699951,3.026499987,46.40000153
22-10-2009,78.36,1057.800049,2.987999916,46.54999924
23-10-2009,77.72,1055.599976,3.023999929,46.4280014
26-10-2009,76.45,1042.099976,2.999500036,46.54999924
27-10-2009,76.69,1034.699951,2.988500118,46.93799973
28-10-2009,75.11,1029.900024,2.91899991,47.1780014
29-10-2009,77.18,1046.400024,3.020999908,47.1780014
30-10-2009,74.91,1039.699951,2.94749999,46.91799927
02-11-2009,75.56,1053.400024,2.937000036,46.79999924
03-11-2009,75.68,1084.300049,2.947999954,47.25
04-11-2009,78.21,1086.699951,2.984499931,46.79999924
05-11-2009,78.02,1088.699951,2.950500011,46.93799973
06-11-2009,75.51,1095.099976,2.945499897,46.74000168
09-11-2009,77.18,1100.800049,2.961499929,46.36800003
10-11-2009,77.07,1101.900024,2.957000017,46.31800079
11-11-2009,76.99,1114,2.961499929,46.40800095
12-11-2009,75.18,1106,2.943500042,46.65999985
13-11-2009,74.81,1116.099976,2.968499899,46.25799942
16-11-2009,77.14,1138.599976,3.100500107,45.99000168
17-11-2009,77.36,1138.800049,3.104000092,46.22999954
18-11-2009,78.64,1140.699951,3.107500076,46.09999847
19-11-2009,76.45,1141.400024,3.078000069,46.54999924
20-11-2009,75.61,1146.400024,3.105000019,46.54000092
23-11-2009,78.14,1164.300049,3.133500099,46.36000061
24-11-2009,75.35,1165.5,3.111999989,46.29999924
25-11-2009,76.57,1186.900024,3.165999889,46.00999832
26-11-2009,,,,46.66799927
27-11-2009,76,1174.199951,3.093499899,46.45000076
30-11-2009,77.77,1181.099976,3.148499966,46.45800018
01-12-2009,78.68,1199.099976,3.203500032,46.22800064
02-12-2009,76.96,1212,3.23149991,46.20000076
03-12-2009,77.76,1217.400024,3.219500065,46
04-12-2009,77.74,1168.800049,3.213500023,46.11800003
07-12-2009,76.18,1163.400024,3.184999943,46.4679985
08-12-2009,74.93,1142.800049,3.139499903,46.61800003
09-12-2009,73.63,1120.400024,3.09800005,46.52799988
10-12-2009,70.91,1125.699951,3.07949996,46.51800156
11-12-2009,70.07,1119.400024,3.109999895,46.47299957
14-12-2009,71.19,1123.300049,3.130000114,46.66799927
15-12-2009,71.33,1122.400024,3.121000051,46.7179985
16-12-2009,73.34,1135.5,3.186000109,46.58800125
17-12-2009,71.28,1106.800049,3.110500097,46.86800003
18-12-2009,71.87,1110.800049,3.121000051,46.70299911
21-12-2009,72.74,1095.400024,3.140500069,46.81800079
22-12-2009,71.64,1086,3.119999886,46.79800034
23-12-2009,73.87,1093.300049,3.184499979,46.75
24-12-2009,75.15,1104.099976,3.270999908,46.65000153
25-12-2009,,,,
28-12-2009,76.59,1107.199951,3.316499949,46.45000076
29-12-2009,76.65,1097,3.296000004,46.56000137
30-12-2009,77.62,1091.5,3.325500011,46.5
31-12-2009,77.91,1095.199951,3.327500105,46.40000153
01-01-2010,,,,46.61000061
04-01-2010,79.05,1117.699951,3.388000011,46.2879982
05-01-2010,79.27,1118.099976,3.395999908,46.11999893
06-01-2010,80.14,1135.900024,3.477499962,45.72000122
07-01-2010,80.57,1133.099976,3.411499977,45.68799973
08-01-2010,80.06,1138.199951,3.388000011,45.51800156
11-01-2010,80.14,1150.699951,3.428499937,45.35800171
12-01-2010,79.38,1128.900024,3.337500095,45.61800003
13-01-2010,77.57,1136.400024,3.387500048,45.48799896
14-01-2010,77.61,1142.599976,3.375999928,45.56299973
15-01-2010,76.85,1130.099976,3.355000019,45.8030014
18-01-2010,,,,45.63800049
19-01-2010,75.18,1139.699951,3.437000036,45.84799957
20-01-2010,75.09,1112.300049,3.345999956,46.11800003
21-01-2010,74.13,1102.699951,3.285000086,46.10800171
22-01-2010,72.73,1089.199951,3.338500023,46.22299957
25-01-2010,72.18,1095.199951,3.384000063,46.07799911
26-01-2010,72.63,1097.900024,3.328999996,45.84799957
27-01-2010,72.75,1084.400024,3.21449995,46.31800079
28-01-2010,70.65,1083.599976,3.089999914,46.34799957
29-01-2010,71.2,1083,3.046000004,46.09799957
01-02-2010,71.58,1104.300049,3.078500032,46.2879982
02-02-2010,73.94,1117.400024,3.085000038,46.09999847
03-02-2010,75.77,1111.400024,2.967999935,45.90000153
04-02-2010,71.3,1062.400024,2.875499964,46.20999908
05-02-2010,70.11,1052.199951,2.854000092,46.61999893
08-02-2010,69.62,1065.699951,2.909499884,46.70999908
09-02-2010,70.4,1076.699951,2.983500004,46.38999939
10-02-2010,70.4,1075.800049,2.986000061,46.37799835
11-02-2010,72.35,1094.199951,3.129499912,46.40000153
12-02-2010,71.49,1089.5,3.078999996,46.40000153
15-02-2010,,,,46.33800125
16-02-2010,74.82,1119.300049,3.218499899,45.97999954
17-02-2010,74.89,1119.5,3.238500118,46.00799942
18-02-2010,76.61,1118,3.285000086,46.13999939
19-02-2010,76.88,1121.300049,3.357000113,46.18000031
22-02-2010,76.95,1112.599976,3.306499958,46.09999847
23-02-2010,76.44,1102.699951,3.213999987,46.26800156
24-02-2010,77,1096.5,3.235500097,46.2879982
25-02-2010,74.38,1107.800049,3.192500114,46.29999924
26-02-2010,76.36,1118.300049,3.26850009,45.90000153
01-03-2010,76.07,1117.800049,3.332999945,46
02-03-2010,77.5,1136.900024,3.395499945,46.02799988
03-03-2010,78.66,1142.699951,3.41899991,45.54999924
04-03-2010,77.88,1132.599976,3.360500097,45.66999817
05-03-2010,79.2,1134.800049,3.402499914,45.45000076
08-03-2010,78.94,1123.599976,3.396500111,45.40000153
09-03-2010,78.77,1122,3.398000002,45.54999924
10-03-2010,80.29,1107.800049,3.355000019,45.31000137
11-03-2010,79.44,1108,3.365999937,45.45000076
12-03-2010,79.38,1101.5,3.369499922,45.4980011
15-03-2010,77.08,1105.099976,3.306999922,45.55799866
16-03-2010,79.45,1122.199951,3.357000113,45.38999939
17-03-2010,80.28,1124,3.410000086,45.27999878
18-03-2010,80.09,1127.400024,3.387500048,45.38999939
19-03-2010,78.37,1107.400024,3.364500046,45.25
22-03-2010,78.09,1099.300049,3.372499943,45.47000122
23-03-2010,79.17,1103.5,3.369499922,45.40000153
24-03-2010,78.03,1088.599976,3.336499929,45.40000153
25-03-2010,78.64,1092.699951,3.371000051,45.48799896
26-03-2010,77.98,1104.199951,3.392999887,45.11000061
29-03-2010,79.89,1110.300049,3.529500008,44.79999924
30-03-2010,79.46,1104.5,3.555000067,44.93999863
31-03-2010,80.37,1113.300049,3.546000004,44.79999924
01-04-2010,82.63,1125.099976,3.576999903,44.59999847
02-04-2010,,,,44.80799866
05-04-2010,84.48,1132.900024,3.625999928,44.36000061
06-04-2010,85.05,1135.099976,3.609499931,44.34000015
07-04-2010,84.49,1152.300049,3.592000008,44.40000153
08-04-2010,82.63,1152.199951,3.58100009,44.34000015
09-04-2010,82.77,1161.099976,3.584500074,44.11999893
12-04-2010,85.21,1161.599976,3.559499979,44.34000015
13-04-2010,83.44,1152.800049,3.595499992,44.57799911
14-04-2010,85.81,1159,3.605499983,44.20999908
15-04-2010,86.9,1159.699951,3.59649992,44.29000092
16-04-2010,84.81,1136.300049,3.511499882,44.31800079
19-04-2010,83.09,1135.199951,3.494499922,44.72800064
20-04-2010,84.73,1138.599976,3.512000084,44.38999939
21-04-2010,84.55,1148.199951,3.532999992,44.40000153
22-04-2010,84.58,1142.300049,3.484499931,44.43999863
23-04-2010,86.09,1153.099976,3.511499882,44.29000092
26-04-2010,86.72,1153.5,3.52699995,44.25
27-04-2010,85.59,1161.699951,3.363500118,44.45000076
28-04-2010,84.59,1171.300049,3.367500067,44.5
29-04-2010,86.82,1168.400024,3.333499908,44.45000076
30-04-2010,86.19,1180.099976,3.337500095,44.25
03-05-2010,88.09,1182.699951,3.27850008,44.40000153
04-05-2010,85.39,1168.599976,3.164499998,44.54999924
05-05-2010,82.31,1174.599976,3.138000011,44.84999847
06-05-2010,80.21,1196.900024,3.103499889,45.45999908
07-05-2010,76.48,1210,3.131000042,45.41799927
10-05-2010,78.08,1200.400024,3.214999914,44.76300049
11-05-2010,79,1219.900024,3.194000006,44.99000168
12-05-2010,78.7,1242.699951,3.176000118,44.95000076
13-05-2010,79.41,1228.800049,3.219500065,44.93999863
14-05-2010,76.43,1227.400024,3.122999907,45.25
17-05-2010,73.87,1227.699951,2.923000097,45.52799988
18-05-2010,75.12,1214.300049,3.022500038,45.56000137
19-05-2010,71.86,1192.599976,2.950000048,46.27299881
20-05-2010,69.56,1187.800049,2.935499907,46.74000168
21-05-2010,70.45,1175.699951,3.051500082,46.91799927
24-05-2010,69.62,1193.800049,3.136499882,46.81000137
25-05-2010,67.18,1197.800049,3.033499956,47.47999954
26-05-2010,70.59,1213.300049,3.071500063,47.09999847
27-05-2010,73.56,1211.900024,3.151499987,46.72000122
28-05-2010,73,1212.199951,3.096999884,46.29999924
31-05-2010,,,,46.35800171
01-06-2010,73.08,1224.800049,3.053999901,47.08300018
02-06-2010,72.78,1220.599976,3.032000065,46.79999924
03-06-2010,73.12,1208.300049,2.938499928,46.5
04-06-2010,71.84,1216.199951,2.8125,46.86000061
07-06-2010,71.09,1239.300049,2.759000063,46.79000092
08-06-2010,71.43,1244,2.772500038,46.83000183
09-06-2010,73.68,1228.5,2.842499971,46.81000137
10-06-2010,74.33,1220.800049,2.855499983,46.75
11-06-2010,73.28,1228.900024,2.899499893,46.75
14-06-2010,75.11,1223.300049,2.99000001,46.40000153
15-06-2010,75.29,1233.199951,3.002500057,46.40000153
16-06-2010,76.12,1229.300049,2.993999958,46.40999985
17-06-2010,77.52,1247.5,2.902499914,46.09000015
18-06-2010,77.05,1257.199951,2.881000042,46.00999832
21-06-2010,78.53,1239.699951,2.938999891,45.65999985
22-06-2010,78.08,1239.900024,2.990499973,46.02000046
23-06-2010,75.22,1234.099976,2.934000015,46.15000153
24-06-2010,75.17,1245.5,3.003000021,46.25999832
25-06-2010,76.21,1255.800049,3.092999935,46.15000153
28-06-2010,76.66,1238.199951,3.068500042,46.09999847
29-06-2010,74.21,1242,2.915499926,46.40999985
30-06-2010,74.94,1245.5,2.936000109,46.40000153
01-07-2010,71.73,1206.300049,2.86500001,46.40999985
02-07-2010,71.75,1207.400024,2.904000044,46.56000137
05-07-2010,,,,46.72800064
06-07-2010,73.08,1194.800049,2.960000038,46.59999847
07-07-2010,72.97,1198.599976,3.005500078,46.95000076
08-07-2010,74.56,1195.800049,3.006999969,46.65000153
09-07-2010,75.2,1209.599976,3.044500113,46.52000046
12-07-2010,74.35,1198.5,2.999500036,46.65999985
13-07-2010,76.45,1213.300049,3.009500027,46.40999985
14-07-2010,76.63,1206.800049,3.000999928,46.59999847
15-07-2010,75.52,1208.099976,3.005000114,46.45000076
16-07-2010,75.55,1188,2.923500061,46.70000076
19-07-2010,76.29,1181.699951,2.932499886,46.09000015
20-07-2010,76.31,1191.5,2.997499943,47.25
21-07-2010,75.75,1191.599976,3.086999893,47.06999969
22-07-2010,77.59,1195.5,3.16050005,47.04000092
23-07-2010,77.27,1187.699951,3.184999943,46.88999939
26-07-2010,77.9,1183,3.224999905,47.04299927
27-07-2010,75.52,1158,3.204999924,46.64799881
28-07-2010,76.66,1160.400024,3.24000001,46.68999863
29-07-2010,78.6,1168.400024,3.28550005,46.45999908
30-07-2010,77.5,1181.699951,3.306999922,46.36000061
02-08-2010,81.93,1183.400024,3.38499999,46.08800125
03-08-2010,83.6,1185.199951,3.355000019,46.12799835
04-08-2010,83.76,1193.699951,3.400500059,46.12799835
05-08-2010,82.9,1197.199951,3.350500107,46
06-08-2010,81.28,1203.400024,3.33949995,46.05599976
09-08-2010,81.54,1200.699951,3.350500107,45.95800018
10-08-2010,79.89,1196.199951,3.311000109,46.07799911
11-08-2010,77.83,1197.5,3.252500057,46.31000137
12-08-2010,76.63,1214.800049,3.282500029,46.59000015
13-08-2010,75.14,1214.900024,3.251499891,46.70999908
16-08-2010,74.56,1224.5,3.27699995,46.62799835
17-08-2010,76.74,1226.599976,3.337500095,46.68299866
18-08-2010,75.1,1229.699951,3.348999977,46.60800171
19-08-2010,74.84,1233.800049,3.317500114,46.5379982
20-08-2010,73.48,1227.199951,3.290999889,46.35800171
23-08-2010,73.08,1226.900024,3.291500092,46.60800171
24-08-2010,70.61,1231.800049,3.239500046,46.56299973
25-08-2010,70.74,1239.5,3.210999966,46.85800171
26-08-2010,74.5,1235.400024,3.305500031,46.8730011
27-08-2010,75.16,1236,3.364000082,46.7879982
30-08-2010,76.05,1237.099976,3.413000107,46.8030014
31-08-2010,75.51,1248.300049,3.361000061,46.8730011
01-09-2010,75.53,1246.300049,3.468499899,47.02799988
02-09-2010,74.93,1251.5,3.487999916,46.65000153
03-09-2010,75.03,1249.199951,3.493499994,46.59999847
06-09-2010,,,,46.57799911
07-09-2010,75.78,1257.300049,3.463500023,46.51300049
08-09-2010,77.48,1255.599976,3.490499973,46.65999985
09-09-2010,77.87,1248.900024,3.433500051,46.51800156
10-09-2010,77.54,1244.5,3.397000074,46.3030014
13-09-2010,78.52,1245.099976,3.47149992,46.28300095
14-09-2010,78.89,1269.699951,3.459500074,46.22999954
15-09-2010,78.46,1266.699951,3.457999945,46.13999939
16-09-2010,78.89,1271.900024,3.48300004,46.20000076
17-09-2010,77.43,1275.599976,3.513499975,46.09999847
20-09-2010,79.42,1279,3.496000051,45.87799835
21-09-2010,78.76,1272.400024,3.474499941,45.61999893
22-09-2010,77.29,1290.199951,3.558500051,45.58000183
23-09-2010,77.69,1294.300049,3.585000038,45.55799866
24-09-2010,78.73,1296,3.613500118,45.45000076
27-09-2010,77.71,1296.699951,3.593499899,45.24000168
28-09-2010,79.14,1306.599976,3.634000063,44.93000031
29-09-2010,78.79,1308.5,3.656500101,45.04999924
30-09-2010,80.77,1307.800049,3.645999908,44.68999863
01-10-2010,82.69,1316.099976,3.683500051,44.56299973
04-10-2010,83.42,1315.400024,3.657500029,44.4129982
05-10-2010,83.35,1338.900024,3.719000101,44.45000076
06-10-2010,85.01,1346.400024,3.746000051,44.40000153
07-10-2010,83.67,1333.900024,3.673500061,44.18999863
08-10-2010,83.88,1344.199951,3.766499996,44.20000076
11-10-2010,83.08,1353.300049,3.779500008,44.40800095
12-10-2010,82.99,1345.699951,3.780999899,44.36000061
13-10-2010,84.01,1369.5,3.813999891,44.5
14-10-2010,83.55,1376.699951,3.809000015,44.34000015
15-10-2010,81.94,1371.099976,3.834500074,44.06800079
18-10-2010,82.3,1371.199951,3.850500107,44.15800095
19-10-2010,81.12,1335.099976,3.755000114,44.16999817
20-10-2010,81.68,1343.300049,3.788500071,44.33000183
21-10-2010,81.28,1324.699951,3.775500059,44.20000076
22-10-2010,80.75,1324.400024,3.791500092,44.20000076
25-10-2010,81.91,1338.300049,3.85649991,44.52799988
26-10-2010,82.62,1338,3.863500118,44.25
27-10-2010,81.27,1322.199951,3.773499966,44.40000153
28-10-2010,82.97,1342.099976,3.785000086,44.41999817
29-10-2010,82.47,1357.099976,3.732000113,44.41999817
01-11-2010,84.06,1350.199951,3.77850008,44.44800186
02-11-2010,84.71,1356.400024,3.833499908,44.34000015
03-11-2010,85.33,1337.099976,3.779500008,44.20000076
04-11-2010,86.83,1382.699951,3.906500101,44.25
05-11-2010,87.05,1397.300049,3.944000006,44.01300049
08-11-2010,87.15,1402.800049,3.952500105,43.90000153
09-11-2010,87.93,1409.800049,4.039500237,44.29999924
10-11-2010,87.92,1399.099976,3.96600008,44.18999863
11-11-2010,88.08,1403.099976,4.018000126,44.25999832
12-11-2010,86.07,1365.400024,3.888499975,44.24000168
15-11-2010,85.49,1368.400024,3.923000097,44.77799988
16-11-2010,83.98,1338.300049,3.723999977,45.11000061
17-11-2010,83.36,1336.800049,3.728499889,45.18999863
18-11-2010,83.7,1352.900024,3.830499887,45.10800171
19-11-2010,83.17,1352.199951,3.832999945,45.15000153
22-11-2010,82.34,1357.699951,3.749500036,45.26300049
23-11-2010,82.37,1377.5,3.700999975,45.29999924
24-11-2010,84.53,1372.900024,3.755500078,45.54000092
25-11-2010,,,,45.50999832
26-11-2010,84.78,1362.300049,3.750999928,45.55799866
29-11-2010,85.9,1366,3.757999897,45.70999908
30-11-2010,86.02,1385,3.822999954,45.79999924
01-12-2010,88.56,1387.300049,3.946000099,45.77000046
02-12-2010,89.37,1388.5,3.976999998,45.22999954
03-12-2010,90.65,1405.400024,3.994999886,45.13000107
06-12-2010,91.25,1415.300049,4.004000187,44.9129982
07-12-2010,90.78,1408.300049,4.044000149,44.81000137
08-12-2010,89.74,1382.5,4.094500065,44.5
09-12-2010,89.93,1392.099976,4.081500053,45
10-12-2010,89.54,1384.300049,4.105000019,45.04999924
13-12-2010,90.4,1397.300049,4.199500084,44.95000076
14-12-2010,90.63,1403.599976,4.201499939,44.90999985
15-12-2010,91.33,1385.5,4.12650013,44.90999985
16-12-2010,91.09,1370.400024,4.110499859,45.25
17-12-2010,91.11,1378.599976,4.152999878,45.25
20-12-2010,91.31,1385.5,4.200500011,45.16799927
21-12-2010,93.11,1388.199951,4.270500183,45.25999832
22-12-2010,93.55,1386.800049,4.269000053,45.18000031
23-12-2010,93.63,1380,4.251999855,44.95000076
24-12-2010,,,,45.06000137
27-12-2010,93.08,1382.400024,4.275000095,45.00999832
28-12-2010,93.52,1405.199951,4.323999882,45.09999847
29-12-2010,93.52,1413.099976,4.309000015,44.95000076
30-12-2010,92.5,1405.599976,4.356500149,44.91999817
31-12-2010,93.23,1421.099976,4.439499855,44.81000137
03-01-2011,95.82,1422.599976,4.451499939,44.81800079
04-01-2011,93.52,1378.5,4.363500118,44.61000061
05-01-2011,95.07,1373.400024,4.401500225,44.90000153
06-01-2011,94.95,1371.400024,4.321000099,45.20999908
07-01-2011,94.25,1368.5,4.272500038,45.18000031
10-01-2011,95.05,1373.699951,4.254499912,45.35800171
11-01-2011,96.8,1384,4.339000225,45.31000137
12-01-2011,97.86,1385.699951,4.40199995,45.09799957
13-01-2011,97.86,1386.900024,4.367000103,44.90999985
14-01-2011,97.86,1360.400024,4.40350008,44.95999908
17-01-2011,,,,45.41799927
18-01-2011,97.83,1368.099976,4.418499947,45.43999863
19-01-2011,98.42,1370.199951,4.360000134,45.31999969
20-01-2011,96.27,1346.5,4.262499809,45.29999924
21-01-2011,96.84,1341,4.300000191,45.77799988
24-01-2011,96.76,1344.5,4.341499805,45.58800125
25-01-2011,96.76,1332.300049,4.218999863,45.45000076
26-01-2011,96.04,1333,4.260499954,45.61000061
27-01-2011,96.48,1318.400024,4.330999851,45.45000076
28-01-2011,97.06,1340.699951,4.365499973,45.68799973
31-01-2011,98.97,1333.800049,4.451000214,45.83800125
01-02-2011,100.4,1339.599976,4.539999962,45.79999924
02-02-2011,101.3,1331.5,4.53399992,45.40999985
03-02-2011,101.69,1352.300049,4.534999847,45.45000076
04-02-2011,99.43,1348.300049,4.571000099,45.56000137
07-02-2011,99.44,1347.599976,4.567500114,45.60800171
08-02-2011,99.25,1363.400024,4.56799984,45.31000137
09-02-2011,100.16,1364.800049,4.519499779,45.15000153
10-02-2011,100.74,1361.900024,4.537000179,45.34999847
11-02-2011,99.93,1359.900024,4.531000137,45.63000107
14-02-2011,103.12,1364.599976,4.623000145,45.60800171
15-02-2011,102.48,1373.599976,4.531499863,45.34999847
16-02-2011,102.78,1374.699951,4.46600008,45.40999985
17-02-2011,103.45,1384.699951,4.480000019,45.31000137
18-02-2011,102.2,1388.199951,4.478499889,45.20999908
21-02-2011,,,,45.10800171
22-02-2011,106.82,1400.5,4.345499992,44.91799927
23-02-2011,109.77,1413.400024,4.273499966,45.15000153
24-02-2011,113.91,1415.300049,4.326499939,45.04999924
25-02-2011,111.47,1408.699951,4.43599987,45.40000153
28-02-2011,112.27,1409.300049,4.478000164,45.25
01-03-2011,113.34,1430.699951,4.490499973,45.09999847
02-03-2011,116.89,1437.199951,4.480000019,44.83000183
03-03-2011,114.42,1416,4.474999905,44.81000137
04-03-2011,115.71,1428.199951,4.472000122,44.84999847
07-03-2011,116.58,1434.099976,4.313000202,44.90299988
08-03-2011,112.32,1426.900024,4.324999809,44.97000122
09-03-2011,115.19,1429.300049,4.199500084,44.90000153
10-03-2011,114.07,1412.199951,4.184500217,44.86999893
11-03-2011,114.07,1421.5,4.195000172,45.11000061
14-03-2011,112.95,1424.599976,4.173500061,45.23799896
15-03-2011,111.11,1392.599976,4.125,44.95000076
16-03-2011,110.96,1396,4.186999798,45.15999985
17-03-2011,114.18,1404,4.335999966,45.02000046
18-03-2011,114.13,1415.900024,4.329500198,45.04999924
21-03-2011,114.92,1426.199951,4.275499821,44.9980011
22-03-2011,115.63,1427.5,4.303500175,44.90999985
23-03-2011,115.65,1437.900024,4.418499947,44.84999847
24-03-2011,115.41,1434.800049,4.414000034,44.75
25-03-2011,115.45,1426.099976,4.408500195,44.59999847
28-03-2011,115.95,1419.800049,4.340499878,44.69300079
29-03-2011,115.58,1416,4.337500095,44.70000076
30-03-2011,115.35,1423.800049,4.265999794,44.65999985
31-03-2011,116.94,1438.900024,4.300000191,44.61000061
01-04-2011,118.63,1428.099976,4.25150013,44.45000076
04-04-2011,120.07,1432.199951,4.246500015,44.44800186
05-04-2011,122.87,1451.800049,4.257999897,44.31800079
06-04-2011,123.01,1457.699951,4.363500118,44.29999924
07-04-2011,122.9,1458.5,4.40899992,44.04999924
08-04-2011,126.3,1473.400024,4.494999886,44.09999847
11-04-2011,126.46,1467.400024,4.453499794,44.06299973
12-04-2011,121.33,1452.900024,4.377500057,44.25999832
13-04-2011,122.7,1454.900024,4.288499832,44.18799973
14-04-2011,122.74,1471.699951,4.279500008,44.41999817
15-04-2011,124.63,1485.300049,4.252999783,
18-04-2011,121.69,1492.300049,4.193999767,44.27299881
19-04-2011,121.35,1494.5,4.224999905,44.36000061
20-04-2011,124.26,1498.300049,4.336500168,44.40999985
21-04-2011,123.64,1503.199951,4.397999763,44.25999832
22-04-2011,,,,44.25999832
25-04-2011,,1508.599976,4.301000118,44.26800156
26-04-2011,124.55,1503,4.318500042,44.40999985
27-04-2011,124.94,1516.699951,4.228499889,44.40999985
28-04-2011,126.59,1530.800049,4.244999886,44.33000183
29-04-2011,,1556,4.165500164,44.29999924
02-05-2011,126.64,1556.699951,4.182499886,44.2480011
03-05-2011,124.01,1540.099976,4.239999771,44.22000122
04-05-2011,121.55,1514.900024,4.120500088,44.40999985
05-05-2011,111.93,1480.900024,3.985500097,44.31999969
06-05-2011,113.69,1491.199951,3.963500023,44.70000076
09-05-2011,113.21,1502.900024,4.004000187,44.72299957
10-05-2011,117.82,1516.599976,4.029500008,44.61000061
11-05-2011,115.66,1501.099976,3.90199995,44.61000061
12-05-2011,112.87,1506.599976,3.960500002,44.58000183
13-05-2011,113.08,1493.400024,3.974999905,44.70999908
16-05-2011,113.72,1490.400024,3.98300004,44.85800171
17-05-2011,109.39,1479.800049,3.990999937,44.95999908
18-05-2011,112.54,1495.599976,4.099500179,45.00999832
19-05-2011,113.2,1492.199951,4.046999931,44.95999908
20-05-2011,111.25,1508.800049,4.118999958,44.84999847
23-05-2011,110.13,1515.300049,3.99000001,44.99300003
24-05-2011,112.52,1523.199951,4.012499809,45.15000153
25-05-2011,114.47,1526.599976,4.102000237,45.15999985
26-05-2011,115.06,1522.800049,4.106999874,45.22999954
27-05-2011,114.85,1536.300049,4.179500103,45.18999863
30-05-2011,,,,45.17300034
31-05-2011,117.18,1535.900024,4.173500061,45.08300018
01-06-2011,116.15,1542.400024,4.103000164,44.95999908
02-06-2011,114.3,1532,4.080500126,44.75999832
03-06-2011,115.09,1541.699951,4.130000114,44.75999832
06-06-2011,115.4,1546.5,4.137000084,44.82300186
07-06-2011,116.14,1543.300049,4.144499779,44.66999817
08-06-2011,118.43,1538.099976,4.105000019,44.61000061
09-06-2011,119.95,1542.099976,4.103499889,44.65999985
10-06-2011,118.71,1528.599976,4.052000046,44.59999847
13-06-2011,120.49,1515,4.030499935,44.72299957
14-06-2011,120.35,1523.800049,4.153999805,44.79999924
15-06-2011,114.67,1525.599976,4.121500015,44.73899841
16-06-2011,114.69,1529.300049,4.117499828,44.70999908
17-06-2011,113.74,1538.599976,4.103000164,44.79999924
20-06-2011,112.21,1541.5,4.074999809,44.76300049
21-06-2011,112.02,1546,4.08949995,44.86999893
22-06-2011,113.59,1552.900024,4.090000153,44.75999832
23-06-2011,108.27,1520.099976,4.040999889,44.75
24-06-2011,104.79,1500.5,4.098499775,44.84999847
27-06-2011,104.57,1496,4.051499844,44.98799896
28-06-2011,107.57,1499.699951,4.092000008,44.95000076
29-06-2011,111.49,1509.900024,4.209499836,44.93999863
30-06-2011,111.71,1502.300049,4.271999836,44.75999832
01-07-2011,109.82,1482.300049,4.291999817,44.5929985
04-07-2011,,,,44.6230011
05-07-2011,113.21,1512.300049,4.339000225,44.41999817
06-07-2011,113.55,1528.699951,4.326499939,44.34000015
07-07-2011,117.4,1530.199951,4.43200016,44.33000183
08-07-2011,117.4,1541.199951,4.402500153,44.33000183
11-07-2011,117.35,1548.800049,4.358500004,44.4129982
12-07-2011,117.36,1561.900024,4.381499767,44.34999847
13-07-2011,118.46,1585.199951,4.394499779,44.56000137
14-07-2011,117.38,1589,4.372000217,44.45000076
15-07-2011,118.06,1589.800049,4.40500021,44.40000153
18-07-2011,117.05,1602.099976,4.395999908,44.50799942
19-07-2011,118.18,1600.900024,4.460499763,44.5
20-07-2011,118.52,1596.699951,4.428500175,44.36999893
21-07-2011,118.25,1586.800049,4.377500057,44.36999893
22-07-2011,118.99,1601.300049,4.404500008,44.29999924
25-07-2011,118.27,1612,4.401500225,44.3429985
26-07-2011,118.14,1616.599976,4.473999977,44.31000137
27-07-2011,117.99,1615,4.440499783,44.04999924
28-07-2011,118.16,1613.400024,4.46449995,44.02999878
29-07-2011,115.93,1628.300049,4.473999977,44.00999832
01-08-2011,116.37,1619,4.403999805,44.20299911
02-08-2011,116.02,1641.900024,4.388999939,44.06299973
03-08-2011,113.74,1663.400024,4.320000172,44.26300049
04-08-2011,110.22,1656.199951,4.230999947,44.31299973
05-08-2011,106.92,1648.800049,4.112999916,44.56299973
08-08-2011,103.06,1710.199951,3.957499981,44.73300171
09-08-2011,103.63,1740,3.967000008,45.00299835
10-08-2011,103.84,1781.300049,3.885499954,45.20299911
11-08-2011,107.82,1748.800049,4.004499912,45.2480011
12-08-2011,108.17,1740.199951,4.009500027,45.29299927
15-08-2011,108.89,1755.5,4.031499863,45.39300156
16-08-2011,109.69,1782.400024,3.993999958,45.23300171
17-08-2011,111.37,1791.199951,4.028999805,45.25299835
18-08-2011,108.36,1818.900024,3.96449995,45.3030014
19-08-2011,109.37,1848.900024,3.982500076,45.70999908
22-08-2011,108.83,1888.699951,3.95600009,45.6629982
23-08-2011,110.35,1858.300049,3.994499922,45.61000061
24-08-2011,111.91,1754.099976,3.996999979,45.54000092
25-08-2011,111.91,1759.800049,4.078999996,45.93999863
26-08-2011,112.29,1794.099976,4.098999977,46.00999832
29-08-2011,,1788.400024,4.089000225,46.15299988
30-08-2011,115.59,1826.699951,4.123000145,45.84999847
31-08-2011,116.48,1828.5,4.186999798,45.93999863
01-09-2011,116.43,1826,4.142499924,45.74000168
02-09-2011,115.92,1873.699951,4.106999874,45.70000076
05-09-2011,,,,45.73799896
06-09-2011,113.29,1869.900024,4.039500237,45.98400116
07-09-2011,117.5,1814.199951,4.115499973,46.04000092
08-09-2011,117.99,1854.400024,4.127999783,46.04000092
09-09-2011,115.1,1856.400024,3.987499952,46.13000107
12-09-2011,114.75,1809.900024,3.950500011,46.64300156
13-09-2011,114.08,1826.800049,3.95600009,47.15999985
14-09-2011,113.1,1823.5,3.88499999,47.45999908
15-09-2011,116.71,1778.5,3.944999933,47.56000137
16-09-2011,116.26,1812.099976,3.920000076,47.5
19-09-2011,112.89,1776.400024,3.771500111,47.16999817
20-09-2011,114.39,1806.599976,3.716500044,47.72299957
21-09-2011,114.26,1805.5,3.753499985,47.90999985
22-09-2011,109.21,1739.199951,3.480499983,48.20999908
23-09-2011,109.17,1637.5,3.272000074,49.47299957
26-09-2011,107.9,1592.5,3.275000095,49.3429985
27-09-2011,109.54,1650.599976,3.429500103,49.40000153
28-09-2011,108.52,1616.300049,3.236000061,48.81000137
29-09-2011,107.08,1615.5,3.236999989,48.75
30-09-2011,105.42,1620.400024,3.144999981,48.86000061
03-10-2011,103.61,1656,3.140000105,49.04999924
04-10-2011,101.84,1614.699951,3.094500065,49.09999847
05-10-2011,103.77,1640.300049,3.097500086,49.3030014
06-10-2011,104.38,1651.900024,3.239000082,49.15000153
07-10-2011,106.56,1634.5,3.266499996,49.04000092
10-10-2011,109.49,1669.599976,3.361999989,48.89300156
11-10-2011,109.22,1659.699951,3.287499905,48.81299973
12-10-2011,112.44,1681.300049,3.390500069,49.23799896
13-10-2011,112.45,1667.300049,3.30250001,48.90999985
14-10-2011,114.33,1681.800049,3.404999971,49.20000076
17-10-2011,112.92,1675.5,3.373500109,48.89300156
18-10-2011,112.08,1651.699951,3.355499983,48.90000153
19-10-2011,111.76,1646,3.253999949,49.24000168
20-10-2011,109,1611.900024,3.054500103,49.00999832
21-10-2011,111.6,1635.099976,3.219000101,49.86000061
24-10-2011,111.67,1651.5,3.447000027,49.82300186
25-10-2011,112.11,1699.599976,3.41899991,49.54999924
26-10-2011,110.43,1722.699951,3.487999916,49.40999985
27-10-2011,112.45,1746.699951,3.688999891,49.36000061
28-10-2011,110.01,1746.199951,3.701999903,49.79000092
31-10-2011,108.43,1724.199951,3.628999949,48.62799835
01-11-2011,106.97,1711,3.498500109,48.67300034
02-11-2011,110.82,1728.699951,3.578500032,49.25799942
03-11-2011,110.76,1764.199951,3.584500074,49.1230011
04-11-2011,112.22,1755.300049,3.562999964,49.04800034
07-11-2011,114.75,1790.300049,3.532999992,48.99300003
08-11-2011,115.61,1798.400024,3.532000065,48.90999985
09-11-2011,115.29,1790.900024,3.438999891,49.31000137
10-11-2011,113.32,1758.900024,3.372499943,50.04999924
11-11-2011,114.43,1787.5,3.461999893,49.95999908
14-11-2011,112.57,1777.800049,3.485500097,50.03300095
15-11-2011,111.9,1781.699951,3.499000072,50.36800003
16-11-2011,111.91,1773.800049,3.482000113,50.6230011
17-11-2011,109.25,1719.800049,3.381999969,50.70299911
18-11-2011,107.82,1724.699951,3.40199995,50.94800186
21-11-2011,105.98,1678.300049,3.299000025,51.22800064
22-11-2011,107.77,1702.199951,3.330499887,52.05799866
23-11-2011,106.83,1695.699951,3.277499914,52.48300171
24-11-2011,,,,52.25799942
25-11-2011,106.08,1685.5,3.267999887,52.06299973
28-11-2011,109.38,1710.800049,3.358500004,52.22800064
29-11-2011,111.25,1713.400024,3.375999928,51.94300079
30-11-2011,111.22,1745.5,3.562999964,51.90299988
01-12-2011,108.83,1735.300049,3.522000074,51.72999954
02-12-2011,109.59,1747,3.57249999,51.29999924
05-12-2011,110.18,1730.699951,3.604000092,51.10300064
06-12-2011,110.16,1727.900024,3.565500021,51.20000076
07-12-2011,110.07,1740.900024,3.545000076,51.20000076
08-12-2011,108.23,1709.800049,3.489500046,51.59999847
09-12-2011,107.91,1712.800049,3.546999931,51.70000076
12-12-2011,107.82,1664.199951,3.45449996,51.86800003
13-12-2011,109.25,1659.900024,3.432499886,52.65000153
14-12-2011,105.72,1584.300049,3.270999908,53.09999847
15-12-2011,104.52,1574.599976,3.259500027,53.70999908
16-12-2011,104,1595.599976,3.323999882,53.20999908
19-12-2011,104.55,1594.400024,3.301000118,52.49300003
20-12-2011,107.8,1615.599976,3.362999916,52.70000076
21-12-2011,108,1611.900024,3.388999939,52.70999908
22-12-2011,108.98,1608.900024,3.40899992,52.39300156
23-12-2011,109.28,1604.699951,3.463500023,52.50999832
26-12-2011,,,,52.78300095
27-12-2011,,1594.199951,3.404000044,52.70000076
28-12-2011,107.54,1562.900024,3.359999895,52.84999847
29-12-2011,106.89,1539.900024,3.365499973,52.86000061
30-12-2011,108.09,1565.800049,3.431499958,53
02-01-2012,,,,53.00799942
03-01-2012,111.12,1599.699951,3.525000095,53.29800034
04-01-2012,113.37,1611.900024,3.429500103,53.04999924
05-01-2012,113.59,1619.400024,3.422499895,52.84999847
06-01-2012,111.96,1616.099976,3.430999994,52.75999832
09-01-2012,111.07,1607.5,3.412499905,52.67300034
10-01-2012,113.3,1631,3.50999999,52.38000107
11-01-2012,111.66,1639.199951,3.541500092,51.59999847
12-01-2012,112.97,1647.300049,3.644000053,51.75
13-01-2012,109.88,1630.400024,3.631999969,51.45000076
16-01-2012,,,,51.43299866
17-01-2012,110.55,1655.199951,3.726000071,51.38000107
18-01-2012,109.81,1659.5,3.746999979,50.65000153
19-01-2012,109.54,1654.099976,3.797499895,50.36000061
20-01-2012,108.5,1663.699951,3.740999937,50.3030014
23-01-2012,109.46,1678,3.794500113,50.22299957
24-01-2012,108.38,1664.199951,3.803999901,49.84000015
25-01-2012,108.48,1699.800049,3.825000048,50
26-01-2012,109.08,1726.300049,3.897000074,50
27-01-2012,110.5,1731.800049,3.883500099,52.49300003
30-01-2012,110.24,1731,3.822000027,49.38800049
31-01-2012,110.26,1737.800049,3.787499905,52.49300003
01-02-2012,111.96,1747.099976,3.838500023,49.5
02-02-2012,110.96,1756.800049,3.77699995,49.00999832
03-02-2012,112.56,1737.900024,3.897000074,49
06-02-2012,115.47,1722.800049,3.858999968,48.65299988
07-02-2012,116.86,1746.400024,3.872499943,49.0530014
08-02-2012,117.18,1729.300049,3.905999899,49.04299927
09-02-2012,118.4,1739,3.974499941,49.14799881
10-02-2012,118.13,1723.300049,3.859499931,49.48799896
13-02-2012,118.73,1723,3.836999893,49.35300064
14-02-2012,118.3,1715.900024,3.811500072,49.18799973
15-02-2012,120.25,1726.300049,3.798000097,49.35800171
16-02-2012,121,1726.800049,3.788000107,49.28300095
17-02-2012,120.69,1724.5,3.704999924,49.28300095
20-02-2012,,,,49.31800079
21-02-2012,120.85,1757.099976,3.833499908,49.14799881
22-02-2012,123.07,1770,3.829999924,49.3030014
23-02-2012,124.53,1784.900024,3.804500103,49.2179985
24-02-2012,124.89,1775.099976,3.862499952,49.0929985
27-02-2012,126.46,1773.599976,3.880000114,49.00799942
28-02-2012,124.02,1787,3.911999941,49.17300034
29-02-2012,122.23,1709.900024,3.870500088,49.06800079
01-03-2012,125.76,1721.099976,3.924499989,49.00299835
02-03-2012,125.93,1708.800049,3.895499945,49.19800186
05-03-2012,126.68,1703,3.852499962,49.51800156
06-03-2012,125.03,1671.400024,3.730999947,49.83300018
07-03-2012,125.37,1683.300049,3.760499954,50.35800171
08-03-2012,127.96,1698.099976,3.786000013,50.27799988
09-03-2012,128.08,1710.900024,3.852499962,50.07300186
12-03-2012,127.27,1699.199951,3.831500053,49.75299835
13-03-2012,128.14,1693.699951,3.896500111,49.9679985
14-03-2012,126.98,1642.5,3.842000008,49.83000183
15-03-2012,123.63,1659.099976,3.89199996,49.90800095
16-03-2012,125.09,1655.5,3.874000072,50.37799835
19-03-2012,125.76,1666.900024,3.905999899,50.13299942
20-03-2012,124.38,1646.699951,3.828000069,50.22800064
21-03-2012,123.89,1650,3.849499941,50.38800049
22-03-2012,122.49,1642.300049,3.767499924,50.62799835
23-03-2012,125.21,1662.300049,3.809499979,51.11999893
26-03-2012,125.85,1685.5,3.885499954,51.16799927
27-03-2012,125.25,1684.800049,3.878999949,51.02299881
28-03-2012,124.41,1657.900024,3.786999941,50.6780014
29-03-2012,123.23,1652.199951,3.79399991,50.77299881
30-03-2012,123.41,1669.300049,3.823999882,51.33800125
02-04-2012,124.44,1677.5,3.918499947,50.86800003
03-04-2012,,1670,3.915499926,50.86800003
04-04-2012,123.04,1612.300049,3.78550005,50.25
05-04-2012,123.58,1628.5,3.791500092,51.10800171
06-04-2012,,,,51.03300095
09-04-2012,,1642.5,3.71600008,51.03300095
10-04-2012,121.89,1659.5,3.645999908,51.04999924
11-04-2012,120.41,1659,3.635999918,51.47299957
12-04-2012,120.57,1679.5,3.716500044,51.45800018
13-04-2012,120.62,1659.099976,3.622999907,51.22800064
16-04-2012,118.23,1648.699951,3.624000072,51.54299927
17-04-2012,117.41,1650.300049,3.644000053,51.66799927
18-04-2012,115.18,1638.800049,3.628000021,51.4679985
19-04-2012,117,1640.599976,3.626499891,51.7879982
20-04-2012,118.08,1642.099976,3.696000099,52.13800049
23-04-2012,116.66,1631.900024,3.622999907,52.06800079
24-04-2012,117.74,1643,3.671499968,52.4980011
25-04-2012,117.45,1641.400024,3.700500011,52.67300034
26-04-2012,119.33,1659.599976,3.767999887,52.5379982
27-04-2012,119.3,1664,3.819999933,52.40299988
30-04-2012,118.66,1663.400024,3.833499908,52.5379982
01-05-2012,119.57,1661.699951,3.839999914,52.65800095
02-05-2012,117.57,1653.400024,3.78550005,52.52999878
03-05-2012,115.91,1634.199951,3.733500004,52.95800018
04-05-2012,111.66,1644.699951,3.723999977,53.40800095
07-05-2012,,1638.599976,3.777499914,53.4679985
08-05-2012,110.48,1604,3.685499907,52.90299988
09-05-2012,111.89,1593.699951,3.669500113,53.11800003
10-05-2012,112.24,1595.099976,3.691499949,53.81800079
11-05-2012,112.5,1583.599976,3.648499966,53.25299835
14-05-2012,110.79,1560.599976,3.556999922,53.62799835
15-05-2012,111.4,1556.800049,3.522000074,53.95800018
16-05-2012,109.8,1536.199951,3.484999895,53.7879982
17-05-2012,109.31,1574.5,3.479500055,54.48799896
18-05-2012,108.03,1591.599976,3.469500065,54.4679985
21-05-2012,109.02,1588.400024,3.503999949,54.41799927
22-05-2012,109.76,1576.300049,3.487499952,55.02799988
23-05-2012,106.88,1548.099976,3.398000002,55.38800049
24-05-2012,107.2,1557.300049,3.428999901,55.99300003
25-05-2012,107.86,1568.800049,3.447999954,55.56000137
28-05-2012,,,,55.36800003
29-05-2012,107.55,1548.599976,3.463500023,55.36800003
30-05-2012,103.85,1563.400024,3.386499882,55.66799927
31-05-2012,103.86,1562.599976,3.362499952,56.22800064
01-06-2012,98.63,1620.5,3.309999943,56.07799911
04-06-2012,97.74,1612.199951,3.303999901,55.5379982
05-06-2012,98.65,1615.199951,3.288500071,55.64799881
06-06-2012,101.14,1632.800049,3.378999949,55.63800049
07-06-2012,100.05,1586.599976,3.369499922,55.35800171
08-06-2012,97.57,1590.099976,3.283499956,54.93799973
11-06-2012,98.6,1595.5,3.345000029,55.41799927
12-06-2012,96.59,1612.699951,3.334000111,55.65800095
13-06-2012,97.29,1618.099976,3.339999914,55.79800034
14-06-2012,96.46,1618.400024,3.354000092,55.6780014
15-06-2012,97.13,1627,3.38499999,55.79800034
18-06-2012,95.21,1625.699951,3.395999908,55.38800049
19-06-2012,95.14,1622.199951,3.432499886,55.90299988
20-06-2012,93.5,1614.800049,3.386499882,55.94800186
21-06-2012,89.22,1564.5,3.295000076,56.14799881
22-06-2012,89.22,1566,3.305000067,56.29800034
25-06-2012,88.69,1587.5,3.313999891,57.11800003
26-06-2012,90.19,1574,3.315500021,57.00799942
27-06-2012,92.06,1577.5,3.34649992,57.00799942
28-06-2012,91.02,1549.699951,3.325999975,56.84999847
29-06-2012,94.17,1603.5,3.49000001,56.79800034
02-07-2012,95.28,1597.199951,3.464999914,55.50299835
03-07-2012,99.89,1621.300049,3.534499884,55.4280014
04-07-2012,,,,54.35800171
05-07-2012,101.54,1608.900024,3.487999916,54.47800064
06-07-2012,98.5,1578.400024,3.404500008,54.93799973
09-07-2012,99.94,1588.599976,3.426000118,55.40299988
10-07-2012,99.15,1579.300049,3.392999887,55.8429985
11-07-2012,99.23,1575.199951,3.443000078,55.38800049
12-07-2012,99.18,1564.900024,3.411499977,55.61800003
13-07-2012,101.91,1591.599976,3.500499964,55.9280014
16-07-2012,102.1,1591.199951,3.480999947,55.13800049
17-07-2012,104.21,1589.099976,3.453000069,55.04800034
18-07-2012,105.92,1570.400024,3.47300005,55.09799957
19-07-2012,107.79,1580.099976,3.53399992,55.31299973
20-07-2012,106.98,1582.5,3.448499918,55.11800003
23-07-2012,103.91,1577.099976,3.381500006,55.31800079
24-07-2012,103.57,1576,3.352999926,55.96300125
25-07-2012,102.35,1608,3.375,56.10800171
26-07-2012,104.77,1615,3.394000053,56.15800095
27-07-2012,106.3,1617.900024,3.426000118,55.51800156
30-07-2012,106.54,1619.699951,3.414999962,55.2480011
31-07-2012,105.93,1610.5,3.419500113,55.42300034
01-08-2012,106.78,1603.699951,3.376499891,55.64799881
02-08-2012,107.55,1587.400024,3.292500019,55.4679985
03-08-2012,109.57,1606,3.371000051,55.83800125
06-08-2012,110.01,1612.900024,3.392999887,55.7480011
07-08-2012,112.39,1609.699951,3.444999933,55.51800156
08-08-2012,113.42,1612.900024,3.42750001,55.06299973
09-08-2012,113.52,1617.099976,3.437000036,55.41799927
10-08-2012,113.13,1619.699951,3.40899992,55.26800156
13-08-2012,114.48,1609.599976,3.358500004,55.27799988
14-08-2012,113.9,1599.400024,3.359499931,55.33800125
15-08-2012,115.51,1603.699951,3.351500034,55.64799881
16-08-2012,116.12,1616.099976,3.385999918,55.64799881
17-08-2012,115.2,1616.300049,3.421999931,55.61800003
20-08-2012,115.5,1620.099976,3.373500109,55.72800064
21-08-2012,116.03,1639.900024,3.456500053,55.4980011
22-08-2012,115.77,1637.400024,3.460000038,55.36299896
23-08-2012,117.45,1669.599976,3.496000051,55.49300003
24-08-2012,115.76,1669.800049,3.487999916,55.25799942
27-08-2012,113.74,1672.400024,3.484499931,55.4980011
28-08-2012,112.62,1666.5,3.470000029,55.68799973
29-08-2012,112.53,1659.800049,3.462500095,55.6629982
30-08-2012,112.28,1653.5,3.440500021,55.6230011
31-08-2012,113.93,1684.599976,3.453999996,55.62799835
03-09-2012,,,,55.51800156
04-09-2012,114.98,1692.900024,3.468499899,55.52799988
05-09-2012,113.32,1690.800049,3.532000065,55.64799881
06-09-2012,114.5,1702.599976,3.523499966,55.90299988
07-09-2012,113.64,1737.5,3.655999899,55.65800095
10-09-2012,113.84,1728.699951,3.700000048,55.35800171
11-09-2012,114.86,1731.800049,3.71449995,55.43799973
12-09-2012,114.86,1730.599976,3.710000038,55.33800125
13-09-2012,116,1769.099976,3.726999998,55.20800018
14-09-2012,117.48,1769.800049,3.851500034,55.41799927
17-09-2012,116.7,1767.699951,3.809999943,54.29800034
18-09-2012,113.29,1768.400024,3.80250001,54.00799942
19-09-2012,108.49,1769,3.828999996,54.01800156
20-09-2012,109.41,1767.699951,3.772500038,54.01800156
21-09-2012,111.27,1775.5,3.803499937,54.25799942
24-09-2012,109.2,1762.099976,3.745500088,53.35800171
25-09-2012,110.77,1763.800049,3.773499966,53.4679985
26-09-2012,108.99,1750.599976,3.713999987,53.35800171
27-09-2012,111.45,1777.599976,3.747999907,53.50799942
28-09-2012,111.36,1771.099976,3.773000002,53.00799942
01-10-2012,112.58,1780.5,3.792999983,52.84799957
02-10-2012,112.49,1772.699951,3.806999922,52.39799881
03-10-2012,109.32,1777.300049,3.79399991,52.39799881
04-10-2012,110.48,1794.099976,3.79399991,52.15299988
05-10-2012,112.17,1778.599976,3.786000013,51.73799896
08-10-2012,112.6,1773.5,3.726999998,51.90800095
09-10-2012,114.32,1763,3.729000092,52.63800049
10-10-2012,116.11,1763.199951,3.729000092,52.7179985
11-10-2012,116.18,1768.800049,3.759000063,53.04299927
12-10-2012,115.17,1758,3.71449995,52.66799927
15-10-2012,115,1736,3.711499929,52.8030014
16-10-2012,115,1744.699951,3.707999945,53.01300049
17-10-2012,113.49,1751.5,3.752500057,52.86800003
18-10-2012,112.58,1743.300049,3.746999979,52.86800003
19-10-2012,111.89,1722.800049,3.648499966,53.40800095
22-10-2012,109.62,1725.099976,3.625499964,53.83800125
23-10-2012,107.53,1708.300049,3.575999975,53.4679985
24-10-2012,107.66,1700.5,3.575999975,53.7179985
25-10-2012,107.64,1712,3.564500093,53.73300171
26-10-2012,108.9,1710.900024,3.563499928,53.54800034
29-10-2012,109.33,,,53.54800034
30-10-2012,109.4,,,54.07799911
31-10-2012,109.89,1717.5,3.52699995,53.95800018
01-11-2012,108.84,1714.099976,3.555000067,53.87799835
02-11-2012,106.79,1674.099976,3.48300004,53.65299988
05-11-2012,105.59,1682.199951,3.470499992,53.80799866
06-11-2012,109.27,1714.099976,3.506000042,54.58800125
07-11-2012,108.21,1713.199951,3.443000078,54.41799927
08-11-2012,107.23,1725.400024,3.470499992,54.19800186
09-11-2012,108.61,1730.300049,3.449500084,54.35800171
12-11-2012,110.23,1730.300049,3.47300005,54.58800125
13-11-2012,108.82,1724.199951,3.47300005,54.87799835
14-11-2012,109.66,1729.5,3.455499887,54.87799835
15-11-2012,110.07,1713.300049,3.46449995,54.8030014
16-11-2012,106.81,1714.300049,3.453500032,54.69800186
19-11-2012,110.06,1734,3.527499914,55.15800095
20-11-2012,110.01,1723.199951,3.515000105,55.05799866
21-11-2012,110.81,1727.900024,3.496000051,55.09799957
22-11-2012,,,,55.10800171
23-11-2012,110.14,1751.300049,3.527499914,55.20800018
26-11-2012,110.18,1749.5,3.536000013,55.44300079
27-11-2012,109.33,1742.199951,3.536499977,55.63600159
28-11-2012,108.26,1716.5,3.522000074,55.44800186
29-11-2012,110.47,1727.199951,3.588500023,55.70299911
30-11-2012,110.84,1710.900024,3.629499912,54.83800125
03-12-2012,111.27,1719.599976,3.640000105,54.25799942
04-12-2012,109.99,1694.400024,3.633500099,54.76800156
05-12-2012,108.96,1692.400024,3.667000055,54.67300034
06-12-2012,108.01,1700.300049,3.627000093,54.5379982
07-12-2012,107.16,1704,3.647500038,54.13299942
10-12-2012,108.25,1713,3.690500021,54.33800125
11-12-2012,107.6,1708.199951,3.671000004,54.48799896
12-12-2012,110.17,1716.599976,3.700000048,54.25799942
13-12-2012,110.18,1695.599976,3.644500017,54.31800079
14-12-2012,109.28,1695.800049,3.664999962,54.45800018
17-12-2012,109.35,1697,3.648999929,54.43799973
18-12-2012,109.96,1669.5,3.636499882,54.84799957
19-12-2012,109.95,1666.5,3.595000029,54.84799957
20-12-2012,110.57,1644.900024,3.525000095,54.54800034
21-12-2012,109.13,1659.099976,3.555500031,54.84799957
24-12-2012,108.44,1658.599976,3.53399992,55.05799866
25-12-2012,,,,54.94800186
26-12-2012,110.72,1659.800049,3.582999945,55.00799942
27-12-2012,110.04,1662.599976,3.589999914,54.83800125
28-12-2012,110.05,1654.900024,3.577500105,54.94200134
31-12-2012,110.8,1674.800049,3.641000032,54.75299835
01-01-2013,,,,54.99300003
02-01-2013,112.98,1687.900024,3.724499941,54.6780014
03-01-2013,113.03,1673.699951,3.701499939,54.34799957
04-01-2013,112.58,1648.099976,3.678499937,54.4980011
07-01-2013,112.49,1645.5,3.663000107,54.88000107
08-01-2013,113.03,1661.5,3.657000065,55.2179985
09-01-2013,113.07,1654.800049,3.656500101,54.98799896
10-01-2013,112.97,1677.300049,3.694499969,54.7480011
11-01-2013,110.3,1660,3.639499903,54.55799866
14-01-2013,111.32,1668.900024,3.619499922,54.86800003
15-01-2013,111.72,1683.400024,3.622999907,54.49300003
16-01-2013,110.97,1682.699951,3.59100008,54.61299896
17-01-2013,111.01,1690.400024,3.647000074,54.68799973
18-01-2013,111.71,1686.599976,3.663500071,54.34799957
21-01-2013,,,,53.73799896
22-01-2013,112.72,1692.800049,3.690999985,53.76800156
23-01-2013,113.68,1686.300049,3.671000004,53.80799866
24-01-2013,114.59,1669.5,3.664499998,53.66799927
25-01-2013,113.88,1656.400024,3.639499903,53.6780014
28-01-2013,113.92,1652.400024,3.648999929,53.79299927
29-01-2013,115.22,1660.699951,3.67750001,53.90800095
30-01-2013,115.42,1679.900024,3.74000001,53.75799942
31-01-2013,115.55,1660.599976,3.723500013,53.3030014
01-02-2013,115.55,1669.400024,3.775500059,53.21300125
04-02-2013,116.06,1675.300049,3.758500099,53.1629982
05-02-2013,117.03,1672.400024,3.761499882,53.28300095
06-02-2013,116.61,1677.699951,3.733500004,53.13299942
07-02-2013,117.17,1670.400024,3.720000029,53.15299988
08-02-2013,118.9,1666,3.753499985,53.2179985
11-02-2013,118.29,1648.199951,3.717999935,53.58800125
12-02-2013,117.89,1648.699951,3.736500025,53.95800018
13-02-2013,118.43,1644.199951,3.733999968,53.84799957
14-02-2013,118.48,1634.699951,3.730000019,53.81800079
15-02-2013,117.4,1608.800049,3.730999947,53.91799927
18-02-2013,,,,54.31800079
19-02-2013,117.04,1603.599976,3.644500017,54.1780014
20-02-2013,116.23,1577.599976,3.605499983,54.1629982
21-02-2013,114.19,1578.199951,3.550499916,54.06800079
22-02-2013,113.74,1572.400024,3.529999971,54.4679985
25-02-2013,114.55,1586.199951,3.540999889,54.27299881
26-02-2013,112.96,1615.199951,3.566499949,53.86299896
27-02-2013,112.24,1595.199951,3.545000076,54.08800125
28-02-2013,112.2,1577.699951,3.527499914,53.85800171
01-03-2013,110.14,1571.900024,3.48149991,54.36299896
04-03-2013,109.9,1572.099976,3.48300004,54.89799881
05-03-2013,110.42,1574.599976,3.496500015,54.85800171
06-03-2013,110.27,1574.599976,3.473999977,54.91799927
07-03-2013,110.42,1574.800049,3.501499891,54.71300125
08-03-2013,108.91,1576.599976,3.491499901,54.55799866
11-03-2013,108.64,1577.800049,3.5,54.3429985
12-03-2013,108.48,1591.5,3.538000107,54.40800095
13-03-2013,107.51,1588.300049,3.509500027,54.14199829
14-03-2013,108.1,1590.599976,3.523499966,54.36299896
15-03-2013,109.32,1592.5,3.507999897,54.35300064
18-03-2013,108.54,1604.599976,3.417000055,54.02299881
19-03-2013,106.91,1611.300049,3.395499945,54.07300186
20-03-2013,108.27,1607.5,3.435499907,54.36800003
21-03-2013,106.41,1613.800049,3.423000097,54.34999847
22-03-2013,106.51,1606.199951,3.453999996,54.27799988
25-03-2013,106.66,1604.599976,3.434999943,54.3429985
26-03-2013,107.1,1595.800049,3.432499886,54.16799927
27-03-2013,108.51,1606.199951,3.434999943,54.36299896
28-03-2013,108.46,1594.800049,3.394999981,54.38800049
29-03-2013,,,,54.38800049
01-04-2013,108.76,1600,3.367500067,54.27799988
02-04-2013,109.66,1575.099976,3.371999979,54.25
03-04-2013,107.82,1552.800049,3.325500011,54.42300034
04-04-2013,105.09,1551.800049,3.345499992,54.4280014
05-04-2013,103.98,1575.400024,3.339999914,54.88299942
08-04-2013,103.16,1572,3.368000031,54.8030014
09-04-2013,104.08,1586.199951,3.437999964,54.55799866
10-04-2013,104.8,1558.300049,3.414000034,54.57799911
11-04-2013,103.62,1564.300049,3.427999973,54.51300049
12-04-2013,100.58,1501,3.348999977,54.29800034
15-04-2013,99.32,1360.599976,3.279999971,54.51300049
16-04-2013,97.88,1386.800049,3.306499958,54.54299927
17-04-2013,96.84,1382.199951,3.187999964,54.14799881
18-04-2013,97.48,1392,3.20449996,54.20800018
19-04-2013,98.94,1395.300049,3.151499987,54.02299881
22-04-2013,99.07,1421,3.131999969,53.93299866
23-04-2013,99.25,1408.599976,3.094000101,54.13800049
24-04-2013,100.71,1423.400024,3.157999992,54.37799835
25-04-2013,101.62,1461.800049,3.237999916,54.27299881
26-04-2013,102.39,1453.599976,3.184999943,54.2179985
29-04-2013,102.88,1467.400024,3.225500107,54.3730011
30-04-2013,101.53,1472.199951,3.1875,54.22800064
01-05-2013,98.34,1446.300049,3.082499981,53.79800034
02-05-2013,100.32,1467.699951,3.104500055,53.65800095
03-05-2013,104.6,1464.300049,3.313499928,53.80799866
06-05-2013,105,1468.099976,3.309999943,53.77999878
07-05-2013,105.18,1449,3.300499916,54.17300034
08-05-2013,103.79,1473.900024,3.371000051,54.12799835
09-05-2013,103.59,1468.800049,3.341500044,54.15800095
10-05-2013,101.31,1436.800049,3.355999947,54.2480011
13-05-2013,102.17,1434.5,3.361999989,54.8030014
14-05-2013,102.7,1424.699951,3.290499926,54.82799911
15-05-2013,101.57,1396.5,3.26699996,54.79800034
16-05-2013,104.27,1387.099976,3.292000055,54.77799988
17-05-2013,103.83,1364.900024,3.321000099,54.77799988
20-05-2013,104.55,1384.300049,3.357000113,54.88800049
21-05-2013,103.1,1377.800049,3.338999987,55.10800171
22-05-2013,102.14,1367.599976,3.377500057,55.40800095
23-05-2013,100.46,1392,3.299499989,55.65299988
24-05-2013,101.24,1386.800049,3.291500092,55.70800018
27-05-2013,,,,55.81299973
28-05-2013,103.77,1379.099976,3.311500072,55.56499863
29-05-2013,102.14,1391.300049,3.290999889,56.10800171
30-05-2013,101.79,1411.5,3.310499907,56.29800034
31-05-2013,100.43,1392.599976,3.289000034,56.37799835
03-06-2013,101.63,1411.699951,3.326999903,56.57300186
04-06-2013,102.04,1397.099976,3.36500001,56.66799927
05-06-2013,103.51,1398.400024,3.367000103,56.43799973
06-06-2013,103.37,1415.699951,3.315999985,56.72299957
07-06-2013,104.07,1383,3.266000032,56.83800125
10-06-2013,103.87,1386.199951,3.239000082,56.83800125
11-06-2013,101.5,1377,3.193000078,56.83800125
12-06-2013,103.11,1391.800049,3.224999905,56.83800125
13-06-2013,103.38,1377.599976,3.184999943,57.82799911
14-06-2013,105.1,1387.300049,3.20449996,57.9980011
17-06-2013,105.8,1382.800049,3.201999903,57.4980011
18-06-2013,105.21,1366.599976,3.157000065,58.10300064
19-06-2013,105.56,1373.599976,3.14350009,58.83800125
20-06-2013,102.72,1285.900024,3.061500072,58.71300125
21-06-2013,100.36,1291.599976,3.09649992,59.56800079
24-06-2013,99.8,1276.800049,3.026000023,59.26800156
25-06-2013,101.51,1274.800049,3.071000099,59.80799866
26-06-2013,100.62,1229.599976,3.040999889,59.65800095
27-06-2013,102.74,1211.400024,3.05250001,60.71300125
28-06-2013,102.49,1223.800049,3.050499916,60.18799973
01-07-2013,103.19,1255.900024,3.154999971,59.52600098
02-07-2013,103.96,1243.599976,3.14199996,59.37799835
03-07-2013,106.12,1252.099976,3.174000025,59.54800034
04-07-2013,,,,60.21900177
05-07-2013,107.46,1212.900024,3.079999924,60.17499924
08-07-2013,107.75,1234.900024,3.111500025,60.22299957
09-07-2013,107.9,1245.900024,3.075999975,60.68799973
10-07-2013,108.43,1247.400024,3.101000071,60.09500122
11-07-2013,108.18,1280.099976,3.183500051,59.88800049
12-07-2013,109.03,1277.800049,3.17050004,59.82699966
15-07-2013,109.05,1283.800049,3.161000013,59.88399887
16-07-2013,109.29,1290.800049,3.199500084,59.80799866
17-07-2013,109.67,1277.900024,3.140500069,59.29299927
18-07-2013,109.71,1284.599976,3.142499924,59.32300186
19-07-2013,109.34,1293.300049,3.150000095,59.73799896
22-07-2013,108.82,1336.400024,3.189500093,59.33300018
23-07-2013,109.27,1335.099976,3.197999954,59.7179985
24-07-2013,108.23,1319.699951,3.181499958,59.75799942
25-07-2013,108.1,1329,3.188499928,59.1269989
26-07-2013,107.57,1321.699951,3.108999968,58.95800018
29-07-2013,108.1,1328.400024,3.116499901,59.06000137
30-07-2013,107.47,1324,3.040999889,59.41199875
31-07-2013,107.89,1312.400024,3.118499994,60.80799866
01-08-2013,109.94,1311,3.164000034,60.63000107
02-08-2013,109.63,1310.599976,3.169500113,60.43299866
05-08-2013,109.81,1302.599976,3.167000055,61.09799957
06-08-2013,108.77,1283.199951,3.171999931,60.8769989
07-08-2013,108.39,1286.099976,3.17750001,60.78300095
08-08-2013,107.32,1310.699951,3.270499945,61.20299911
09-08-2013,108.49,1312.900024,3.308500051,60.72399902
12-08-2013,109.28,1334.699951,3.306499958,60.67200089
13-08-2013,110.69,1321.199951,3.318500042,61.36999893
14-08-2013,110.26,1334,3.340500116,61.45000076
15-08-2013,111.58,1361.599976,3.338000059,61.29000092
16-08-2013,111.82,1371.699951,3.364500046,61.25999832
19-08-2013,111.41,1366.199951,3.336499929,62.49000168
20-08-2013,110.74,1373.099976,3.33949995,63.84999847
21-08-2013,110.82,1370.599976,3.311500072,63.36000061
22-08-2013,110.51,1371.199951,3.332999945,64.69000244
23-08-2013,112.12,1395.699951,3.351999998,64.41000366
26-08-2013,112.23,1393,3.322000027,64.06999969
27-08-2013,115.21,1420.599976,3.332499981,64.29299927
28-08-2013,116.27,1419,3.306999922,66.86000061
29-08-2013,116.91,1412.900024,3.243999958,67.34999847
30-08-2013,115.97,1396.099976,3.224999905,67.38999939
02-09-2013,,,,66.58999634
03-09-2013,115.49,1412,3.296499968,66.51000214
04-09-2013,115.65,1389.900024,3.236500025,68.61000061
05-09-2013,115.81,1373.099976,3.240999937,66.26999664
06-09-2013,117.15,1386.699951,3.257999897,66.00800323
09-09-2013,115.2,1386.800049,3.275500059,65.23799896
10-09-2013,112.1,1364.099976,3.261499882,64.05999756
11-09-2013,112.37,1363.900024,3.256500006,63.61999893
12-09-2013,113.11,1330.400024,3.212500095,63.15999985
13-09-2013,113.31,1308.400024,3.207000017,63.61999893
16-09-2013,110.86,1317.900024,3.226999998,63.29000092
17-09-2013,109.05,1309.5,3.227999926,63.29000092
18-09-2013,109.09,1307.800049,3.283499956,63.18000031
19-09-2013,110.66,1369.400024,3.349999905,63.58000183
20-09-2013,110.22,1332.5,3.327500105,62.18999863
23-09-2013,108.56,1326.900024,3.308000088,62.72000122
24-09-2013,107.68,1316,3.265500069,62.68000031
25-09-2013,109.46,1335.900024,3.280499935,62.72000122
26-09-2013,108.86,1323.599976,3.303999901,62.43000031
27-09-2013,109.45,1338.400024,3.325500011,61.72999954
30-09-2013,107.85,1326.5,3.321000099,62.90999985
01-10-2013,107.32,1286,3.272000074,62.58000183
02-10-2013,109.09,1320.599976,3.311500072,62.61000061
03-10-2013,109.49,1317.400024,3.262000084,62.06999969
04-10-2013,109.42,1309.699951,3.293499947,61.95999908
07-10-2013,109.66,1324.800049,3.289499998,61.38000107
08-10-2013,110.56,1324.199951,3.282000065,
09-10-2013,109.02,1306.900024,3.22149992,62.02999878
10-10-2013,111.63,1296.599976,3.240999937,61.81000137
11-10-2013,110.65,1268,3.265000105,61.61000061
14-10-2013,110.13,1276.400024,3.299999952,60.99000168
15-10-2013,110.67,1273,3.303999901,61.38000107
16-10-2013,110.79,1282,3.300499916,61.83000183
17-10-2013,109.55,1322.699951,3.289000034,61.45000076
18-10-2013,109.4,1314.400024,3.292999983,61.09999847
21-10-2013,109.47,1315.699951,3.296000004,61.24000168
22-10-2013,109.57,1342.5,3.328500032,60.61999893
23-10-2013,107.74,1333.900024,3.266499996,61.18999863
24-10-2013,106.63,1350.199951,3.260999918,61.52000046
25-10-2013,105.7,1352.400024,3.265500069,61.45000076
28-10-2013,108.29,1352,3.260999918,61.43999863
29-10-2013,108.04,1345.199951,3.275500059,61.50999832
30-10-2013,108.41,1349,3.320499897,61.45000076
31-10-2013,107.53,1323.599976,3.294500113,61.31999969
01-11-2013,105.78,1313.099976,3.293499947,62.22000122
04-11-2013,104.85,1314.599976,3.247499943,62.20000076
05-11-2013,105.01,1308,3.252500057,61.97999954
06-11-2013,105.46,1317.699951,3.234999895,62.15999985
07-11-2013,103.08,1308.400024,3.249000072,62.47000122
08-11-2013,104.29,1284.5,3.253000021,62.84999847
11-11-2013,105.76,1281,3.262000084,63.34000015
12-11-2013,106.29,1271.099976,3.236500025,63.47999954
13-11-2013,106.9,1268.300049,3.164000034,63.95999908
14-11-2013,108.29,1286.199951,3.161000013,63.36999893
15-11-2013,108.25,1287.300049,3.173000097,63.04000092
18-11-2013,108.8,1272.199951,3.15350008,62.70999908
19-11-2013,108.29,1273.400024,3.161999941,62.20000076
20-11-2013,108.27,1257.900024,3.161499977,62.11000061
21-11-2013,109.9,1243.5,3.19749999,62.75999832
22-11-2013,111.36,1244,3.226500034,62.99000168
25-11-2013,110.83,1241.099976,3.239000082,62.24000168
26-11-2013,112.04,1241.400024,3.229000092,62.50299835
27-11-2013,111.32,1237.800049,3.200500011,62.45999908
28-11-2013,,,,62.54000092
29-11-2013,111.07,1250.599976,3.230499983,62.4129982
02-12-2013,111.49,1222.300049,3.217499971,62.45999908
03-12-2013,113.06,1221.699951,3.200999975,62.31800079
04-12-2013,113.27,1248.199951,3.271500111,62.36299896
05-12-2013,112.07,1233.199951,3.261499882,61.70000076
06-12-2013,111.5,1230.300049,3.269500017,61.58000183
09-12-2013,110.07,1235.300049,3.29550004,61.15000153
10-12-2013,108.91,1262.400024,3.301500082,60.86999893
11-12-2013,109.47,1258.5,3.331500053,60.97999954
12-12-2013,108.99,1226,3.332000017,61.59000015
13-12-2013,108.08,1235.699951,3.351999998,62.15999985
16-12-2013,110.3,1245.5,3.375999928,62.18799973
17-12-2013,108.91,1231.199951,3.367000103,61.77999878
18-12-2013,109.56,1236.099976,3.361000061,61.70999908
19-12-2013,110.78,1195,3.340500116,62.02999878
20-12-2013,112.15,1205.099976,3.34800005,62.45999908
23-12-2013,111.58,1198.400024,3.350500107,62.02000046
24-12-2013,111.57,1205.099976,3.417500019,61.84000015
25-12-2013,,,,61.7480011
26-12-2013,111.65,1214.099976,3.449500084,61.79000092
27-12-2013,112.06,1216.099976,3.470000029,61.88999939
30-12-2013,110.47,1203.099976,3.42050004,61.66999817
31-12-2013,109.95,1201.900024,3.441499949,61.77999878
01-01-2014,,,,61.8030014
02-01-2014,107.94,1225,3.431499958,61.84000015
03-01-2014,106.57,1238.400024,3.405999899,62.06000137
06-01-2014,106.71,1237.800049,3.411999941,62.22999954
07-01-2014,107.01,1229.400024,3.411000013,62.31000137
08-01-2014,107.42,1225.300049,3.39350009,62.08000183
09-01-2014,107.49,1229.300049,3.354000092,62.11999893
10-01-2014,106.44,1246.699951,3.387000084,61.77999878
13-01-2014,108.02,1250.900024,3.400000095,61.43999863
14-01-2014,107.12,1245.199951,3.388000011,61.47000122
15-01-2014,108.09,1238.099976,3.406500101,61.47000122
16-01-2014,107.46,1240,3.391000032,61.54000092
17-01-2014,108.45,1251.699951,3.378499985,61.41999817
20-01-2014,108.01,,,61.54999924
21-01-2014,109.17,1242.300049,3.391499996,61.61800003
22-01-2014,109.69,1239,3.375,61.97000122
23-01-2014,109.69,1262.599976,3.32249999,61.86999893
24-01-2014,109.14,1264.5,3.303999901,62.13000107
27-01-2014,108.72,1263.599976,3.29399991,62.72999954
28-01-2014,109.1,1251,3.28550005,63.38000107
29-01-2014,108.83,1262.199951,3.267999887,62.38000107
30-01-2014,109.36,1242.199951,3.237999916,62.4679985
31-01-2014,108.16,1240.099976,3.220499992,62.31000137
03-02-2014,106.55,1260.400024,3.199500084,62.5
04-02-2014,107.04,1251.699951,3.217000008,62.86999893
05-02-2014,106.81,1257.300049,3.21449995,62.13000107
06-02-2014,108.15,1257.599976,3.259000063,62.22999954
07-02-2014,110.12,1263.300049,3.270999908,62.22999954
10-02-2014,110.18,1274.800049,3.272000074,62.09000015
11-02-2014,109.21,1290.099976,3.269999981,62.44800186
12-02-2014,108.62,1295.300049,3.315500021,62.02999878
13-02-2014,108.98,1300.400024,3.306999922,61.68000031
14-02-2014,108.63,1319,3.320499897,62.15000153
17-02-2014,,,,61.83000183
18-02-2014,110.14,1324.699951,3.340500116,61.79000092
19-02-2014,110.37,1320.599976,3.335500002,62.20999908
20-02-2014,109.42,1317.099976,3.323999882,62.25999832
21-02-2014,109.03,1323.900024,3.335999966,62.13000107
24-02-2014,109.76,1338.300049,3.358999968,62.00999832
25-02-2014,109.19,1343,3.338000059,62.06800079
26-02-2014,109.39,1328.199951,3.269500017,61.97800064
27-02-2014,108.54,1331.599976,3.236500025,62.15000153
28-02-2014,108.98,1321.400024,3.238500118,62.02000046
03-03-2014,111.26,1350.099976,3.220499992,61.81999969
04-03-2014,109.17,1337.800049,3.261499882,62.16999817
05-03-2014,108.15,1340.199951,3.253000021,61.59999847
06-03-2014,107.99,1351.699951,3.275500059,61.7480011
07-03-2014,109.14,1338.099976,3.156500101,60.79999924
10-03-2014,108.27,1341.400024,3.110500097,61.22999954
11-03-2014,108.35,1346.5,3.030999899,60.81000137
12-03-2014,107.88,1370.300049,3.026000023,61.04000092
13-03-2014,107.48,1372.199951,2.990499973,60.77000046
14-03-2014,108.08,1379,3.013000011,61.45999908
17-03-2014,106.99,1372.900024,3.002000093,60.97999954
18-03-2014,106.79,1359,2.994499922,61.04000092
19-03-2014,105.95,1341.400024,3.028000116,61.10800171
20-03-2014,105.73,1330.5,2.976000071,60.95000076
21-03-2014,107.2,1336,2.993999958,61.33300018
24-03-2014,106.59,1311.199951,2.989500046,61.02000046
25-03-2014,107.01,1311.400024,3.04550004,60.59000015
26-03-2014,105.9,1303.400024,3.010499954,60.22000122
27-03-2014,106.58,1294.699951,3.036499977,60.15999985
28-03-2014,106.64,1293.800049,3.059000015,60.23799896
31-03-2014,105.95,1283.400024,3.046499968,59.84000015
01-04-2014,105.7,1279.599976,3.055000067,59.99000168
02-04-2014,103.37,1290.5,3.065000057,59.77999878
03-04-2014,104.88,1284.400024,3.046999931,59.89799881
04-04-2014,106.41,1303.199951,3.042999983,60.38999939
07-04-2014,104.89,1298,3.063499928,59.66999817
08-04-2014,105.83,1308.699951,3.076499939,60.11999893
09-04-2014,107.39,1305.5,3.065999985,60.09000015
10-04-2014,107.1,1320.099976,3.068000078,59.95999908
11-04-2014,107.34,1318.699951,3.065999985,60.29999924
14-04-2014,107.68,1327.199951,3.066999912,60.34000015
15-04-2014,109.1,1300,3.016499996,60.34000015
16-04-2014,109.71,1303.099976,3.050499916,60.29999924
17-04-2014,109.79,1293.400024,3.069499969,60.25
18-04-2014,,,,60.29000092
21-04-2014,109.69,1288,3.068000078,60.15000153
22-04-2014,108.54,1280.599976,3.078500032,60.47999954
23-04-2014,108.48,1284.199951,3.082000017,60.75799942
24-04-2014,109.79,1290.5,3.136499882,61.00999832
25-04-2014,109.53,1300.699951,3.127000093,61.11999893
28-04-2014,109.12,1298.900024,3.108500004,60.63800049
29-04-2014,109.89,1296,3.07249999,60.64300156
30-04-2014,108.63,1295.599976,3.029500008,60.41799927
01-05-2014,108.63,1283.099976,3.029000044,60.11999893
02-05-2014,109.48,1302.599976,3.081500053,60.13999939
05-05-2014,109.48,1309,3.071000099,60.02000046
06-05-2014,108.3,1308.300049,3.075000048,60.11000061
07-05-2014,108.17,1288.599976,3.050499916,59.97800064
08-05-2014,108.19,1287.400024,3.082499981,59.88999939
09-05-2014,108.26,1287.300049,3.100500107,59.93000031
12-05-2014,108.37,1295.599976,3.166500092,59.84999847
13-05-2014,108.78,1294.599976,3.149499893,59.41999817
14-05-2014,109.87,1305.699951,3.174000025,59.31000137
15-05-2014,109.74,1293.5,3.161999941,59.40000153
16-05-2014,110.9,1293.300049,3.161000013,59.33000183
19-05-2014,110.84,1293.699951,3.179500103,58.56000137
20-05-2014,110.35,1294.5,3.155999899,58.36800003
21-05-2014,111.32,1288,3.130500078,58.58300018
22-05-2014,110.89,1294.900024,3.15199995,58.68799973
23-05-2014,110.19,1291.599976,3.180000067,58.27799988
26-05-2014,110.01,,,58.41999817
27-05-2014,109.81,1265.400024,3.193500042,58.65000153
28-05-2014,109.09,1259.300049,3.188499928,59.0379982
29-05-2014,109.98,1256.300049,3.15350008,58.83000183
30-05-2014,109.21,1245.599976,3.135999918,58.90000153
02-06-2014,109.34,1243.699951,3.178999901,59.18799973
03-06-2014,108.87,1244.300049,3.145499945,59.15999985
04-06-2014,109.07,1244,3.093499899,59.29999924
05-06-2014,108.43,1253,3.09100008,59.25999832
06-06-2014,109.21,1252.099976,3.052999973,59.1629982
09-06-2014,110.55,1253.5,3.04550004,59.16799927
10-06-2014,109.18,1259.800049,3.055000067,59.19800186
11-06-2014,109.83,1260.800049,3.042000055,59.11999893
12-06-2014,112.18,1273.599976,3.01699996,59.33300018
13-06-2014,113.15,1273.699951,3.030499935,59.2879982
16-06-2014,113.42,1274.900024,3.046999931,59.70299911
17-06-2014,114.02,1271.699951,3.057499886,60.09000015
18-06-2014,114.25,1272.400024,3.055500031,60.32300186
19-06-2014,115.19,1313.699951,3.075000048,59.81000137
20-06-2014,114.55,1316.199951,3.117500067,60.15999985
23-06-2014,113.62,1318,3.145499945,60.16799927
24-06-2014,113.74,1320.900024,3.146500111,60.15299988
25-06-2014,112.84,1322.199951,3.16050005,60.18999863
26-06-2014,112.61,1316.099976,3.161000013,59.95000076
27-06-2014,112.62,1319,3.148999929,60.08000183
30-06-2014,111.03,1321.800049,3.187999964,60.0379982
01-07-2014,110.84,1326.400024,3.190999985,59.97000122
02-07-2014,110.18,1330.699951,3.252500057,60.02799988
03-07-2014,108.98,1320.400024,3.265000105,59.43999863
04-07-2014,,,,59.61000061
07-07-2014,108.7,1316.5,3.248500109,59.7179985
08-07-2014,107.65,1316,3.243000031,59.94800186
09-07-2014,106.84,1323.800049,3.236500025,59.7480011
10-07-2014,106.2,1338.699951,3.256000042,59.75799942
11-07-2014,105.77,1337,3.258500099,60.18799973
14-07-2014,104.73,1306.300049,3.238500118,60.08800125
15-07-2014,104.73,1296.900024,3.238500118,60.06000137
16-07-2014,105.41,1299.599976,3.204999924,60.16999817
17-07-2014,106.04,1316.699951,3.209000111,60.08000183
18-07-2014,106.03,1309.199951,3.174000025,60.59999847
21-07-2014,105.71,1313.699951,3.186500072,60.27799988
22-07-2014,106.48,1306.099976,3.195499897,60.25
23-07-2014,106.85,1304.5,3.194999933,60.09799957
24-07-2014,105.78,1290.599976,3.253999949,59.86000061
25-07-2014,106.89,1303.099976,3.226999998,60.06000137
28-07-2014,106.7,1303.300049,3.230999947,60.0530014
29-07-2014,106.98,1298.300049,3.209500074,60.04999924
30-07-2014,106.47,1294.900024,3.232500076,60.04000092
31-07-2014,104.94,1281.300049,3.22300005,60.25
01-08-2014,103.45,1293.599976,3.206500053,60.77000046
04-08-2014,103.63,1287.699951,3.236500025,61.20800018
05-08-2014,102.82,1284,3.198999882,60.90000153
06-08-2014,104.17,1306.699951,3.162499905,60.8429985
07-08-2014,104.02,1310.800049,3.17050004,61.18999863
08-08-2014,103.36,1308.900024,3.165999889,61.23799896
11-08-2014,103.47,1308.5,3.167000055,61.13800049
12-08-2014,101.68,1308.800049,3.148999929,61.11999893
13-08-2014,102.27,1312.800049,3.105999947,61.22000122
14-08-2014,101.15,1313.900024,3.085500002,61.02000046
15-08-2014,101.13,1304.5,3.096999884,60.63999939
18-08-2014,99.37,1297.699951,3.102999926,60.77299881
19-08-2014,99.74,1295.099976,3.085500002,60.81999969
20-08-2014,99.92,1293.400024,3.174000025,60.74000168
21-08-2014,100.28,1273.699951,3.171999931,60.60800171
22-08-2014,100.09,1278.599976,3.198999882,60.43999863
25-08-2014,100.49,1277.300049,3.213500023,60.46300125
26-08-2014,100.5,1283.800049,3.181999922,60.50999832
27-08-2014,100.4,1281.900024,3.174499989,60.4280014
28-08-2014,100.71,1288.699951,3.126499891,60.44800186
29-08-2014,101.12,1285.800049,3.13499999,60.61000061
01-09-2014,,,,60.51300049
02-09-2014,100.21,1263.699951,3.134500027,60.52299881
03-09-2014,100.88,1268.900024,3.111500025,60.6780014
04-09-2014,101.21,1265.099976,3.138499975,60.38999939
05-09-2014,99.51,1265.800049,3.157999992,60.36999893
08-09-2014,99.53,1252.699951,3.157500029,60.38800049
09-09-2014,98.08,1246.800049,3.094500065,60.38000107
10-09-2014,96.26,1243.5,3.104500055,60.79000092
11-09-2014,96.42,1237.400024,3.086999893,60.79999924
12-09-2014,96.31,1229.900024,3.101999998,60.81000137
15-09-2014,96.43,1233.599976,3.08100009,60.64799881
16-09-2014,97.39,1235.199951,3.160000086,60.97000122
17-09-2014,97.7,1234.400024,3.141499996,61.0530014
18-09-2014,96.82,1225.699951,3.092499971,60.90800095
19-09-2014,96.75,1215.300049,3.088500023,60.68999863
22-09-2014,95.37,1216.800049,3.038000107,60.85300064
23-09-2014,94.87,1221,3.034499884,61
24-09-2014,94.53,1218.599976,3.059499979,60.97999954
25-09-2014,95.2,1221.199951,3.059999943,60.81000137
26-09-2014,95.08,1214.099976,3.029000044,61.49000168
29-09-2014,95.7,1217.5,3.052999973,61.13800049
30-09-2014,94.67,1210.5,3.005500078,61.5530014
01-10-2014,94.57,1214.599976,3.033499956,61.81999969
02-10-2014,91.29,1214.199951,2.996500015,61.71300125
03-10-2014,90.8,1192.199951,2.994499922,61.43999863
06-10-2014,90.65,1206.699951,3.030499935,61.5379982
07-10-2014,90.9,1211.699951,3.034499884,61.20999908
08-10-2014,90.25,1205.300049,3,61.27000046
09-10-2014,90.47,1224.599976,3.028000116,60.88000107
10-10-2014,88.66,1221,3.032000065,61.02000046
13-10-2014,87.82,1229.300049,3.036499977,61.27799988
14-10-2014,,1233.599976,3.085000038,61.00299835
15-10-2014,84.02,1244.099976,3.004499912,61.39300156
16-10-2014,84.02,1240.5,2.978499889,61.3730011
17-10-2014,85.27,1238.300049,3.000999928,61.72299957
20-10-2014,84.42,1244,2.990499973,61.35800171
21-10-2014,85.17,1251,3.030999899,61.22800064
22-10-2014,86.38,1244.800049,3.022500038,61.14300156
23-10-2014,85.94,1228.5,3.049999952,61.09999847
24-10-2014,86,1231.199951,3.051000118,61.13000107
27-10-2014,85.64,1229.099976,3.078000069,61.1629982
28-10-2014,85.57,1229.199951,3.108500004,61.29800034
29-10-2014,86.91,1224.300049,3.111999989,61.18099976
30-10-2014,85.5,1198.099976,3.072000027,61.28300095
31-10-2014,84.17,1171.099976,3.061000109,61.43299866
03-11-2014,84.9,1169.400024,3.07949996,61.39799881
04-11-2014,82.12,1167.400024,3.033499956,61.4129982
05-11-2014,82.88,1145.400024,3.022500038,61.2879982
06-11-2014,82.08,1142.300049,3.030499935,61.36999893
07-11-2014,83.2,1169.599976,3.05250001,61.49300003
10-11-2014,82.9,1159.599976,3.027499914,61.51300049
11-11-2014,80.94,1162.800049,3.041500092,61.52999878
12-11-2014,80.42,1158.900024,3.034499884,61.49000168
13-11-2014,77.74,1161.099976,2.999500036,61.36800003
14-11-2014,77.51,1185,3.058000088,61.5929985
17-11-2014,76.86,1183,3.049499989,61.70800018
18-11-2014,77.23,1196.699951,3.010999918,61.82300186
19-11-2014,77.21,1193.599976,3.046999931,61.7179985
20-11-2014,77.61,1190.699951,3.027499914,61.93799973
21-11-2014,79.2,1197.5,3.035000086,61.92300034
24-11-2014,79.62,1195.5,3.003999949,61.75999832
25-11-2014,77.62,1197.099976,2.960999966,61.85300064
26-11-2014,77.39,1196.599976,2.960000038,61.84000015
27-11-2014,,,,61.7879982
28-11-2014,71.89,1175.199951,2.859999895,61.85300064
01-12-2014,70.87,1218,2.930500031,62.20299911
02-12-2014,71.13,1199.199951,2.913500071,61.94800186
03-12-2014,70.13,1208.5,2.892999887,61.7879982
04-12-2014,68.48,1207.5,2.932499886,61.85599899
05-12-2014,68,1190.099976,2.925499916,61.78300095
08-12-2014,65.64,1194.699951,2.91050005,61.9109993
09-12-2014,66.11,1231.5,2.946500063,61.81800079
10-12-2014,63.32,1228.900024,2.914000034,61.8730011
11-12-2014,63.65,1225.099976,2.940999985,62.00299835
12-12-2014,61.67,1222,2.946500063,62.47299957
15-12-2014,61.09,1207.199951,2.898000002,62.51800156
16-12-2014,60.26,1193.900024,2.877500057,63.16799927
17-12-2014,59.84,1194.300049,2.887500048,63.65299988
18-12-2014,58.81,1194.699951,2.872499943,63.51800156
19-12-2014,58.87,1195.900024,2.907999992,62.98300171
22-12-2014,58.31,1179.699951,2.90350008,63.24000168
23-12-2014,59.07,1177.900024,2.90199995,63.22299957
24-12-2014,58.67,1173.5,2.874500036,63.43299866
25-12-2014,,,,63.40000153
26-12-2014,58.72,1195.300049,2.835500002,63.51300049
29-12-2014,57.86,1181.699951,2.838000059,63.59000015
30-12-2014,55.6,1200.199951,2.868999958,63.6629982
31-12-2014,55.27,1183.900024,2.838500023,63.37799835
01-01-2015,,,,63.02799988
02-01-2015,55.38,1186,2.838500023,63.02799988
05-01-2015,51.08,1203.900024,2.792999983,63.27799988
06-01-2015,50.12,1219.300049,2.803999901,63.33800125
07-01-2015,49.06,1210.599976,2.796000004,63.56800079
08-01-2015,49.43,1208.400024,2.806999922,63.27299881
09-01-2015,47.64,1216,2.790499926,62.66799927
12-01-2015,46.9,1232.699951,2.763000011,62.34799957
13-01-2015,45.13,1234.300049,2.678999901,62.06800079
14-01-2015,45.82,1234.400024,2.552999973,61.97299957
15-01-2015,47.66,1264.699951,2.611000061,62.08800125
16-01-2015,47.38,1276.900024,2.654000044,62.05799866
19-01-2015,,,,61.86299896
20-01-2015,46.49,1294.199951,2.615499973,61.63800049
21-01-2015,46.5,1293.699951,2.61500001,61.64799881
22-01-2015,46.09,1300.699951,2.600500107,61.5530014
23-01-2015,46.69,1292.599976,2.537499905,61.59799957
26-01-2015,46.07,1279.400024,2.573499918,61.43299866
27-01-2015,46.55,1291.699951,2.513499975,61.47299957
28-01-2015,47.07,1285.900024,2.521500111,61.40299988
29-01-2015,46.61,1254.599976,2.470499992,61.35100174
30-01-2015,47.52,1278.5,2.528000116,61.79600143
02-02-2015,51.74,1276.199951,2.510999918,62.01300049
03-02-2015,54.41,1259.699951,2.599999905,61.72800064
04-02-2015,55.07,1263.800049,2.611999989,61.61399841
05-02-2015,55.98,1262,2.611999989,61.86000061
06-02-2015,55.88,1233.900024,2.602999926,61.73300171
09-02-2015,57,1240.800049,2.598999977,61.96300125
10-02-2015,55.79,1231.599976,2.5625,62.13000107
11-02-2015,53.48,1219,2.55250001,62.34199905
12-02-2015,56.23,1220.099976,2.608999968,62.38199997
13-02-2015,60.33,1226.5,2.613500118,62.16999817
16-02-2015,61.57,,,62.06900024
17-02-2015,60.78,1208.099976,2.594500065,62.18600082
18-02-2015,60.72,1199.699951,2.639499903,62.11199951
19-02-2015,58.78,1207.099976,2.641499996,62.07400131
20-02-2015,60.99,1204.400024,2.610500097,62.16500092
23-02-2015,59.78,1200.300049,2.639499903,62.10100174
24-02-2015,60.33,1196.900024,2.711499929,62.17100143
25-02-2015,59.77,1201,2.707499981,62.23300171
26-02-2015,61.39,1209.599976,2.713999987,61.8769989
27-02-2015,61.89,1212.599976,2.71600008,61.75400162
02-03-2015,60.75,1207.699951,2.710999966,61.65100098
03-03-2015,61.18,1204,2.673500061,61.90100098
04-03-2015,59.18,1200.599976,2.677000046,61.81299973
05-03-2015,60.33,1195.900024,2.671999931,62.30500031
06-03-2015,59.15,1164.099976,2.628999949,62.44300079
09-03-2015,58.67,1166.400024,2.687000036,62.45299911
10-03-2015,55.95,1160.099976,2.63499999,62.67300034
11-03-2015,56.46,1150.699951,2.622499943,62.71300125
12-03-2015,56.66,1152.099976,2.674499989,62.75500107
13-03-2015,54.8,1152.599976,2.678499937,62.53499985
16-03-2015,52,1153.300049,2.67750001,63.07600021
17-03-2015,52.17,1148.300049,2.641499996,62.78900146
18-03-2015,52.59,1151.400024,2.586999893,62.61600113
19-03-2015,52.96,1169.099976,2.674499989,62.69300079
20-03-2015,53.88,1184.800049,2.775000095,62.48300171
23-03-2015,53.82,1188,2.808000088,62.40299988
24-03-2015,53.61,1191.699951,2.815000057,62.22299957
25-03-2015,54.18,1197.300049,2.805000067,62.27799988
26-03-2015,57.02,1205.099976,2.821500063,62.4620018
27-03-2015,56.44,1199.800049,2.775000095,62.82899857
30-03-2015,53.99,1184.800049,2.787499905,62.51499939
31-03-2015,53.69,1183.099976,2.746999979,62.50899887
01-04-2015,55.73,1208.099976,2.756500006,62.30599976
02-04-2015,55.73,1200.900024,2.747999907,62.16899872
03-04-2015,,,,62.06000137
06-04-2015,55.73,1218.599976,2.732000113,62.06000137
07-04-2015,57.55,1210.599976,2.77699995,62.06000137
08-04-2015,56.42,1203.099976,2.748500109,62.30899811
09-04-2015,56.04,1193.599976,2.744999886,62.18199921
10-04-2015,56.82,1204.599976,2.750499964,62.31399918
13-04-2015,57.14,1199.300049,2.736999989,62.26900101
14-04-2015,57.69,1192.800049,2.719500065,62.39099884
15-04-2015,59.32,1201.5,2.729500055,62.31399918
16-04-2015,60.13,1198,2.78550005,62.38999939
17-04-2015,61.31,1202.900024,2.783499956,62.32600021
20-04-2015,61.2,1193.5,2.735500097,62.54299927
21-04-2015,60.12,1202.900024,2.704999924,63.14500046
22-04-2015,60.12,1186.900024,2.669500113,62.87799835
23-04-2015,62.66,1194.400024,2.697999954,62.93500137
24-04-2015,62.96,1175.199951,2.752000093,63.28699875
27-04-2015,62.86,1203.300049,2.773999929,63.65499878
28-04-2015,62.61,1214,2.779999971,63.13999939
29-04-2015,63.97,1209.800049,2.795000076,63.03300095
30-04-2015,63.9,1182.400024,2.886499882,63.44200134
01-05-2015,64.13,1174.5,2.931499958,63.52299881
04-05-2015,64.62,1186.800049,2.924000025,63.52299881
05-05-2015,65.44,1193.199951,2.940000057,63.5929985
06-05-2015,66.22,1190.300049,2.932499886,63.34400177
07-05-2015,64.93,1182.400024,2.926000118,63.65999985
08-05-2015,63.82,1189.099976,2.930999994,64.08200073
11-05-2015,62.82,1183.199951,2.917500019,63.70399857
12-05-2015,65.09,1192.599976,2.950500011,64.01999664
13-05-2015,66.33,1218.400024,2.950000048,64.21099854
14-05-2015,65.58,1225.400024,2.946000099,64.04399872
15-05-2015,64.69,1225.5,2.948999882,63.40800095
18-05-2015,65.15,1227.800049,2.930000067,63.43299866
19-05-2015,63.48,1206.900024,2.861500025,63.72900009
20-05-2015,63.52,1208.900024,2.851500034,63.78499985
21-05-2015,64.7,1204.400024,2.871000051,63.625
22-05-2015,64.7,1204.300049,2.833499908,63.62599945
25-05-2015,,,,63.48300171
26-05-2015,61.65,1187.199951,2.853499889,63.57099915
27-05-2015,61.35,1185.900024,2.815999985,63.97600174
28-05-2015,60.12,1188.099976,2.792999983,63.87400055
29-05-2015,63.16,1189.400024,2.759500027,63.82500076
01-06-2015,62.87,1188.300049,2.740999937,63.73600006
02-06-2015,63.14,1194.099976,2.757999897,63.61000061
03-06-2015,62.78,1184.699951,2.750499964,63.66199875
04-06-2015,60.34,1174.900024,2.715500116,64.05899811
05-06-2015,60.36,1167.800049,2.721999884,64.00099945
08-06-2015,61.33,1173.199951,2.71600008,63.76200104
09-06-2015,63.23,1177.300049,2.740499973,63.97600174
10-06-2015,64.68,1186.099976,2.771500111,64.03800201
11-06-2015,63.76,1179.900024,2.693000078,63.79899979
12-06-2015,63.19,1178.800049,2.699500084,63.99900055
15-06-2015,60.99,1185.300049,2.65899992,64.09200287
16-06-2015,60.75,1180.5,2.626499891,64.05200195
17-06-2015,60.75,1176.400024,2.622999907,64.18199921
18-06-2015,61.37,1201.5,2.628499985,64.00299835
19-06-2015,59.41,1201.5,2.592000008,63.64500046
22-06-2015,60.54,1183.699951,2.588000059,63.49200058
23-06-2015,61.67,1176.199951,2.634000063,63.50699997
24-06-2015,61.63,1172.599976,2.646500111,63.59999847
25-06-2015,60.24,1171.5,2.645499945,63.56200027
26-06-2015,60.14,1172.900024,2.644999981,63.51100159
29-06-2015,59.03,1178.5,2.638499975,63.44400024
30-06-2015,60.31,1171.5,2.623500109,63.72399902
01-07-2015,61.65,1169,2.635499954,63.59000015
02-07-2015,61.73,1163,2.634500027,63.57400131
03-07-2015,59.06,,,63.36999893
06-07-2015,57.19,1172.900024,2.542999983,63.40399933
07-07-2015,54.72,1152.400024,2.450999975,63.36500168
08-07-2015,55.7,1163.300049,2.503999949,63.51800156
09-07-2015,57.83,1159,2.558000088,63.56200027
10-07-2015,57.72,1157.699951,2.54550004,63.36399841
13-07-2015,57.63,1155.199951,2.555500031,63.35200119
14-07-2015,57.2,1153.300049,2.544500113,63.51399994
15-07-2015,57.34,1147.199951,2.530499935,63.32400131
16-07-2015,57.31,1143.800049,2.531500101,63.52399826
17-07-2015,56.38,1131.800049,2.504499912,63.48199844
20-07-2015,56.42,1106.699951,2.483999968,63.48400116
21-07-2015,55.94,1103.400024,2.477499962,63.625
22-07-2015,56.36,1091.400024,2.431499958,63.58300018
23-07-2015,55.76,1094,2.385499954,63.66400146
24-07-2015,54.29,1085.599976,2.381500006,63.84799957
27-07-2015,54.07,1096.5,2.350500107,64.09999847
28-07-2015,54.3,1096.300049,2.403000116,64.21700287
29-07-2015,54.73,1092.699951,2.407999992,63.8390007
30-07-2015,54.29,1088.400024,2.381500006,63.88299942
31-07-2015,53.29,1094.900024,2.367500067,64.11799622
03-08-2015,49.49,1089.400024,2.347500086,63.97999954
04-08-2015,49.08,1090.699951,2.36500001,64.12400055
05-08-2015,49.04,1085.699951,2.352999926,63.81900024
06-08-2015,47.8,1090.199951,2.34800005,63.69599915
07-08-2015,47.54,1094.099976,2.341500044,63.73300171
10-08-2015,48.3,1104.199951,2.407500029,63.73300171
11-08-2015,47.33,1107.599976,2.34100008,63.83800125
12-08-2015,48.29,1123.199951,2.360500097,64.3259964
13-08-2015,48.01,1115.699951,2.365499973,64.7990036
14-08-2015,47.79,1112.900024,2.364000082,65.26899719
17-08-2015,47.77,1118.599976,2.332499981,65.12200165
18-08-2015,47,1117.099976,2.296999931,65.44300079
19-08-2015,45.75,1128.099976,2.282999992,65.44599915
20-08-2015,45.63,1153,2.322999954,65.05400085
21-08-2015,43.84,1159.599976,2.306999922,65.46099854
24-08-2015,41.59,1153.400024,2.269000053,66.02600098
25-08-2015,41.86,1138.199951,2.322999954,66.80699921
26-08-2015,41.76,1124.599976,2.250999928,66.28299713
27-08-2015,44.46,1122.400024,2.334000111,66.05599976
28-08-2015,47.97,1133.099976,2.34649992,66.05500031
31-08-2015,,1131.599976,2.338000059,66.14299774
01-09-2015,48.8,1138.699951,2.30250001,66.34999847
02-09-2015,47.67,1132.5,2.332999945,66.42299652
03-09-2015,50.41,1123.699951,2.390000105,66.22599792
04-09-2015,48.59,1120.599976,2.319499969,66.16000366
07-09-2015,46.42,,,66.6780014
08-09-2015,48.88,1120.400024,2.438499928,66.8030014
09-09-2015,48.04,1102.199951,2.442500114,66.40599823
10-09-2015,47.77,1109.5,2.45449996,66.59700012
11-09-2015,46.87,1103.5,2.461999893,66.31900024
14-09-2015,45.87,1107.699951,2.414000034,66.23400116
15-09-2015,45.91,1102.800049,2.436000109,66.31500244
16-09-2015,49.35,1119.199951,2.461499929,66.43000031
17-09-2015,48.27,1117.300049,2.461499929,66.19599915
18-09-2015,47.28,1138.099976,2.397000074,66.12200165
21-09-2015,47.64,1133.099976,2.398499966,65.86100006
22-09-2015,46.69,1125,2.306999922,65.73899841
23-09-2015,48,1131.599976,2.305500031,65.875
24-09-2015,47.06,1153.800049,2.312000036,66.16200256
25-09-2015,47.28,1146,2.291500092,66.22100067
28-09-2015,46.04,1132,2.256000042,66.16300201
29-09-2015,47.58,1127.099976,2.253499985,66.26000214
30-09-2015,47.29,1115.5,2.345499992,65.91999817
01-10-2015,47.48,1114.199951,2.307499886,65.52700043
02-10-2015,46.55,1137.099976,2.32949996,65.61799622
05-10-2015,49.45,1138.099976,2.359999895,65.35700226
06-10-2015,51.34,1146.800049,2.358999968,65.1230011
07-10-2015,51.66,1149,2.371500015,65.18399811
08-10-2015,52.13,1144.699951,2.346999884,64.93900299
09-10-2015,52.08,1156.300049,2.417000055,64.99500275
12-10-2015,50.95,1164.900024,2.419500113,64.77200317
13-10-2015,48.94,1165.800049,2.391499996,64.78199768
14-10-2015,48.25,1180.099976,2.420000076,65.08499908
15-10-2015,47.87,1187.900024,2.426000118,64.84899902
16-10-2015,48.96,1183.599976,2.407000065,64.78399658
19-10-2015,47.51,1173.300049,2.371500015,64.69499969
20-10-2015,46.93,1178,2.369499922,64.9509964
21-10-2015,46.72,1167.599976,2.364000082,64.9940033
22-10-2015,46.59,1166.599976,2.384500027,65.15899658
23-10-2015,46.3,1163.300049,2.349999905,65.05000305
26-10-2015,46.57,1167,2.35649991,64.88500214
27-10-2015,45.54,1166.800049,2.35800004,64.90100098
28-10-2015,47.6,1177.099976,2.354500055,65.06700134
29-10-2015,48.04,1147.199951,2.315500021,64.94599915
30-10-2015,48,1141.5,2.313499928,65.44400024
02-11-2015,47.91,1135.800049,2.315500021,65.41500092
03-11-2015,48,1114.199951,2.326999903,65.54100037
04-11-2015,46.96,1106.5,2.319499969,65.53099823
05-11-2015,47.19,1104.400024,2.253499985,65.58499908
06-11-2015,46.09,1087.599976,2.241499901,65.86000061
09-11-2015,45.38,1087.900024,2.230000019,66.13300323
10-11-2015,46.44,1088.199951,2.216500044,66.46800232
11-11-2015,44.98,1084.699951,2.216500044,66.19300079
12-11-2015,44.98,1080.800049,2.173000097,66.06300354
13-11-2015,41.98,1080.800049,2.170000076,66.04799652
16-11-2015,40.28,1083.699951,2.118000031,66.0510025
17-11-2015,41.28,1068.699951,2.105499983,65.89700317
18-11-2015,41.45,1068.800049,2.078000069,66.03700256
19-11-2015,42.22,1078,2.076499939,66.07499695
20-11-2015,42.49,1076.400024,2.053999901,66.08499908
23-11-2015,43.7,1066.800049,2.019500017,66.05000305
24-11-2015,44.38,1074.300049,2.053499937,66.3710022
25-11-2015,43.56,1070.5,2.044500113,66.30000305
26-11-2015,43.55,,,66.38200378
27-11-2015,43.07,1056.199951,2.050499916,66.55799866
30-11-2015,43.73,1065.800049,2.044500113,66.90000153
01-12-2015,42.97,1063.800049,2.066499949,66.50800323
02-12-2015,41.92,1054.199951,2.029000044,66.46099854
03-12-2015,42,1061.699951,2.055999994,66.55699921
04-12-2015,41.44,1084.5,2.073999882,66.8030014
07-12-2015,39.69,1076.400024,2.044500113,66.63600159
08-12-2015,39.44,1076.300049,2.048000097,66.76799774
09-12-2015,39.04,1077.599976,2.059999943,66.83300018
10-12-2015,38.65,1073.099976,2.065000057,66.88999939
11-12-2015,36.99,1076.900024,2.10800004,66.78600311
14-12-2015,36.51,1064.699951,2.104000092,67.14099884
15-12-2015,37.66,1062.900024,2.051000118,67.07099915
16-12-2015,36.96,1078,2.061000109,66.90299988
17-12-2015,36.29,1050.800049,2.034499884,66.4280014
18-12-2015,36.76,1066.199951,2.102999926,66.45899963
21-12-2015,35.34,1081.900024,2.128999949,66.2480011
22-12-2015,35.26,1074.800049,2.096999884,66.26899719
23-12-2015,35.79,1069.400024,2.111500025,66.24299622
24-12-2015,37.22,1077.199951,2.111500025,66.15399933
25-12-2015,,,,65.94000244
28-12-2015,37.08,1070.5,2.066499949,65.94000244
29-12-2015,36.85,1077.5,2.125,66.13400269
30-12-2015,35.65,1060.099976,2.137000084,66.26000214
31-12-2015,36.61,1060.300049,2.125499964,66.45500183
01-01-2016,,,,66.19300079
04-01-2016,36.28,1075.099976,2.070499897,66.19300079
05-01-2016,35.56,1078.400024,2.088500023,66.60099792
06-01-2016,33.89,1091.900024,2.080499887,66.52400208
07-01-2016,33.57,1107.699951,2.015500069,66.72399902
08-01-2016,31.67,1097.800049,2.016499996,66.92099762
11-01-2016,30.14,1096.5,1.967499971,66.83999634
12-01-2016,29.14,1085.599976,1.952999949,66.79299927
13-01-2016,28.58,1087.5,1.950500011,66.91999817
14-01-2016,28.84,1073.900024,1.970999956,66.93599701
15-01-2016,28.8,1091.5,1.939499974,67.30400085
18-01-2016,27.36,,,67.76699829
19-01-2016,27.36,1089.900024,1.973500013,67.71099854
20-01-2016,26.01,1107.099976,1.95599997,67.76699829
21-01-2016,27.59,1099.099976,1.993000031,67.9489975
22-01-2016,30.46,1097.199951,1.99849999,67.80799866
25-01-2016,29.82,1106.199951,1.995499969,67.54100037
26-01-2016,30.94,1121.699951,2.03399992,67.74099731
27-01-2016,31.83,1116.099976,2.062999964,67.76999664
28-01-2016,33.01,1115.599976,2.049000025,68.19599915
29-01-2016,33.14,1116.400024,2.063999891,68.09300232
01-02-2016,32.45,1127.900024,2.051500082,67.87000275
02-02-2016,30.98,1127.300049,2.052000046,67.88200378
03-02-2016,32.38,1141.300049,2.092000008,67.98600006
04-02-2016,32.76,1157.599976,2.128000021,67.92700195
05-02-2016,32.35,1157.800049,2.100500107,67.56400299
08-02-2016,31.64,1197.900024,2.088500023,67.80200195
09-02-2016,30.15,1198.699951,2.038500071,68.0759964
10-02-2016,29.64,1194.699951,2.025000095,67.9280014
11-02-2016,28.82,1247.900024,2.003999949,67.89299774
12-02-2016,31.8,1239.099976,2.02699995,68.47399902
15-02-2016,,,,68.11100006
16-02-2016,31.09,1207.900024,2.049000025,68.13700104
17-02-2016,33.21,1211.099976,2.073999882,68.5059967
18-02-2016,33.2,1226.099976,2.071500063,68.35600281
19-02-2016,31.66,1230.400024,2.075500011,68.56600189
22-02-2016,33.59,1209.5,2.112999916,68.53800201
23-02-2016,31.9,1222.300049,2.104500055,68.5739975
24-02-2016,31.5,1238.699951,2.095000029,68.60299683
25-02-2016,32.83,1238.199951,2.065000057,68.37599945
26-02-2016,35.76,1219.800049,2.118000031,68.79699707
29-02-2016,35.92,1233.900024,2.128499985,68.73000336
01-03-2016,35.73,1230.300049,2.141499996,68.21800232
02-03-2016,36.38,1241.099976,2.17750001,67.7460022
03-03-2016,35.75,1257.400024,2.20449996,67.38800049
04-03-2016,37.61,1269.900024,2.270999908,67.14299774
07-03-2016,39.02,1263.199951,2.280499935,66.93000031
08-03-2016,39.16,1262.099976,2.218499899,67.04599762
09-03-2016,40.26,1256.599976,2.230000019,67.35700226
10-03-2016,38.63,1272,2.217499971,67.14499664
11-03-2016,39.41,1258.699951,2.238500118,67.30899811
14-03-2016,38.06,1244.400024,2.236999989,66.91300201
15-03-2016,37.49,1230.400024,2.230999947,67.1740036
16-03-2016,38.38,1229.300049,2.23149991,67.35900116
17-03-2016,39.29,1264.5,2.289000034,66.83000183
18-03-2016,39.26,1253.800049,2.279500008,66.61199951
21-03-2016,39.91,1243.800049,2.289499998,66.37599945
22-03-2016,40.54,1248.199951,2.284499884,66.51999664
23-03-2016,38.84,1223.699951,2.230499983,66.76399994
24-03-2016,38.33,1221.400024,2.224499941,66.90200043
25-03-2016,,,,66.90699768
28-03-2016,38.33,1219.900024,2.241499901,66.90699768
29-03-2016,36.75,1235.599976,2.208499908,66.90699768
30-03-2016,36.75,1226.900024,2.187000036,66.36799622
31-03-2016,36.75,1234.199951,2.181499958,66.36799622
01-04-2016,36.42,1222.199951,2.161000013,66.2480011
04-04-2016,36.05,1218,2.138000011,66.35800171
05-04-2016,35.88,1228.400024,2.13499999,66.13300323
06-04-2016,37.77,1222.5,2.140500069,66.46800232
07-04-2016,37.15,1236.199951,2.074500084,66.53299713
08-04-2016,40.71,1242.5,2.086499929,66.77899933
11-04-2016,41.58,1256.699951,2.088500023,66.54399872
12-04-2016,43.02,1259.400024,2.144999981,66.29000092
13-04-2016,42.81,1246.800049,2.167500019,66.31500244
14-04-2016,43.02,1225,2.171000004,66.52500153
15-04-2016,41.32,1233.099976,2.15199995,66.63700104
18-04-2016,41.64,1233.599976,2.164000034,66.65299988
19-04-2016,43.02,1253,2.22300005,66.40899658
20-04-2016,43.09,1253.199951,2.242000103,66.22200012
21-04-2016,43.48,1249,2.252000093,66.20400238
22-04-2016,43.97,1228.699951,2.269000053,66.51200104
25-04-2016,42.97,1238.900024,2.258500099,66.65299988
26-04-2016,43.94,1242.199951,2.248500109,66.70500183
27-04-2016,44.17,1249.199951,2.220499992,66.45700073
28-04-2016,45.6,1265.5,2.224499941,66.35500336
29-04-2016,45.64,1289.199951,2.279000044,66.43800354
02-05-2016,45.82,1294.699951,2.261499882,66.41799927
03-05-2016,43.09,1290.699951,2.21449995,66.3710022
04-05-2016,43.08,1273.300049,2.183000088,66.59200287
05-05-2016,44.39,1271.400024,2.151000023,66.62000275
06-05-2016,44.6,1292.900024,2.151000023,66.60199738
09-05-2016,42.43,1265.599976,2.104000092,66.59400177
10-05-2016,44.01,1263.900024,2.089999914,66.72100067
11-05-2016,46.08,1274.599976,2.101000071,66.66600037
12-05-2016,46.43,1270.300049,2.072999954,66.59100342
13-05-2016,47.05,1271.900024,2.075000048,66.75099945
16-05-2016,48.49,1273.400024,2.09100008,66.90000153
17-05-2016,48.71,1276.199951,2.092000008,66.875
18-05-2016,48.93,1273.699951,2.081500053,66.86799622
19-05-2016,47.01,1254.199951,2.062999964,67.16000366
20-05-2016,48.54,1252.400024,2.058500051,67.47699738
23-05-2016,47.77,1251.099976,2.057499886,67.42299652
24-05-2016,48.42,1228.900024,2.069499969,67.44799805
25-05-2016,48.87,1223.5,2.105000019,67.65100098
26-05-2016,49.52,1220.099976,2.10649991,67.30400085
27-05-2016,49.09,1213.800049,2.114000082,66.95400238
30-05-2016,,,,67.02400208
31-05-2016,49.26,1214.800049,2.097500086,67.13300323
01-06-2016,48.81,1211.900024,2.07249999,67.23100281
02-06-2016,49.05,1209.800049,2.069499969,67.4260025
03-06-2016,48.5,1240.099976,2.111999989,67.29199982
06-06-2016,48.94,1244.599976,2.117000103,66.99199677
07-06-2016,49.76,1244.400024,2.051000118,66.8010025
08-06-2016,50.73,1259.800049,2.0625,66.76300049
09-06-2016,50.59,1270.199951,2.039999962,66.51000214
10-06-2016,49.7,1273.400024,2.031500101,66.74099731
13-06-2016,49.36,1284.400024,2.057499886,66.94499969
14-06-2016,47.88,1285.599976,2.044500113,67.15399933
15-06-2016,47.47,1285.800049,2.093499899,67.29799652
16-06-2016,45.66,1296.099976,2.049999952,67.07299805
17-06-2016,46.57,1292.5,2.05250001,67.30699921
20-06-2016,48.68,1290,2.093499899,67.06600189
21-06-2016,48.18,1270.5,2.116499901,67.12999725
22-06-2016,48.43,1268,2.135499954,67.60600281
23-06-2016,48.63,1261.199951,2.163500071,67.42199707
24-06-2016,46.69,1320,2.111999989,67.24199677
27-06-2016,45.07,1322.5,2.126499891,67.8769989
28-06-2016,46.29,1315.300049,2.170000076,67.92099762
29-06-2016,48.4,1323.900024,2.183500051,67.70500183
30-06-2016,48.05,1318.400024,2.194499969,67.41600037
01-07-2016,47.65,1336.699951,2.214999914,67.50099945
04-07-2016,48.02,,,67.18199921
05-07-2016,45.64,1356.400024,2.181499958,67.23699951
06-07-2016,45.7,1364.900024,2.151499987,67.4260025
07-07-2016,45.93,1360.099976,2.122499943,67.40100098
08-07-2016,44.53,1356.599976,2.118499994,67.49700165
11-07-2016,44.04,1355,2.147000074,67.13200378
12-07-2016,46.72,1334.099976,2.210999966,67.14499664
13-07-2016,44.67,1342.400024,2.237999916,66.87000275
14-07-2016,46.01,1331.300049,2.240999937,67.0059967
15-07-2016,46.25,1326.5,2.230499983,66.83799744
18-07-2016,45.35,1328.400024,2.233999968,67.13300323
19-07-2016,45.7,1331.5,2.261499882,67.13899994
20-07-2016,45.82,1318.800049,2.252000093,67.20600128
21-07-2016,44.99,1330.5,2.256000042,67.16400146
22-07-2016,44.24,1323.099976,2.233999968,67.15399933
25-07-2016,43.76,1319.300049,2.21600008,67.14600372
26-07-2016,43.56,1320.699951,2.224999905,67.40499878
27-07-2016,42.78,1326.599976,2.184999943,67.28399658
28-07-2016,41.87,1332.300049,2.20600009,67.06300354
29-07-2016,40.76,1349,2.220499992,67.00700378
01-08-2016,40.17,1351.400024,2.196500063,66.64800262
02-08-2016,40,1364.400024,2.206500053,66.75099945
03-08-2016,40.45,1356.099976,2.196000099,66.6760025
04-08-2016,41.33,1358.800049,2.174000025,66.76000214
05-08-2016,42.47,1336.400024,2.153000116,66.84100342
08-08-2016,43.24,1333.400024,2.164000034,66.83499908
09-08-2016,43.37,1339,2.149499893,66.79399872
10-08-2016,42.19,1344.300049,2.17050004,66.78299713
11-08-2016,44.23,1342.5,2.190000057,66.75800323
12-08-2016,45.12,1335.800049,2.140500069,66.73999786
15-08-2016,47.31,1340.300049,2.151499987,66.89959717
16-08-2016,48.27,1350.5,2.171999931,66.86489868
17-08-2016,48.58,1342.699951,2.15199995,66.85769653
18-08-2016,49.46,1351.199951,2.167000055,66.90550232
19-08-2016,49.39,1340.400024,2.166500092,66.81999969
22-08-2016,48.1,1337.699951,2.140000105,67.12750244
23-08-2016,48.7,1340.599976,2.11500001,67.18740082
24-08-2016,47.56,1324.400024,2.075999975,67.12999725
25-08-2016,49.25,1320.099976,2.075500011,67.16000366
26-08-2016,49.66,1321.5,2.075000048,67.00559998
29-08-2016,49.66,1322.900024,2.07249999,67.1289978
30-08-2016,47.94,1311.699951,2.069000006,67.08999634
31-08-2016,47.94,1306.900024,2.069499969,67.12660217
01-09-2016,45.05,1312.199951,2.068500042,66.97470093
02-09-2016,45.96,1322.099976,2.071500063,66.79299927
05-09-2016,46.72,,,66.57279968
06-09-2016,46.21,1349.400024,2.084000111,66.45999908
07-09-2016,47,1344.300049,2.092999935,66.25520325
08-09-2016,49.23,1336.800049,2.095999956,66.47160339
09-09-2016,48.37,1330.099976,2.088500023,66.44999695
12-09-2016,47.82,1321,2.095999956,66.77799988
13-09-2016,46.48,1319,2.095499992,66.72299957
14-09-2016,45.65,1321.5,2.148000002,66.99500275
15-09-2016,45.83,1313.5,2.15199995,66.75810242
16-09-2016,45.26,1305.800049,2.151499987,66.85030365
19-09-2016,46.04,1313.5,2.148999929,67.06529999
20-09-2016,45.24,1313.699951,2.155499935,66.9552002
21-09-2016,45.99,1326.900024,2.144999981,66.97499847
22-09-2016,47.21,1340.400024,2.1875,66.76119995
23-09-2016,46.71,1337.199951,2.192500114,66.62259674
26-09-2016,46.61,1339.699951,2.190000057,66.69650269
27-09-2016,44.95,1325.900024,2.161499977,66.60649872
28-09-2016,45.49,1319.400024,2.179500103,66.44129944
29-09-2016,48.43,1321.699951,2.180999994,66.33280182
30-09-2016,48.24,1313.300049,2.201999903,66.81629944
03-10-2016,48.61,1309,2.183500051,66.54650116
04-10-2016,48.81,1266.300049,2.158499956,66.38030243
05-10-2016,49.57,1265.199951,2.155999899,66.57800293
06-10-2016,50.14,1249.800049,2.148000002,66.5632019
07-10-2016,50.49,1248.900024,2.156500101,66.68710327
10-10-2016,51.54,,,66.59120178
11-10-2016,50.48,1253,2.178499937,66.48509979
12-10-2016,49.53,1251.099976,2.169500113,66.79850006
13-10-2016,49.29,1255,2.11500001,66.81809998
14-10-2016,48.87,1253.099976,2.103499889,66.78399658
17-10-2016,49.31,1254.400024,2.099499941,66.70529938
18-10-2016,49.81,1260.800049,2.09800005,66.78359985
19-10-2016,51.85,1267.900024,2.096999884,66.73799896
20-10-2016,50.42,1265.599976,2.090500116,66.63639832
21-10-2016,50.28,1265.900024,2.083499908,66.84130096
24-10-2016,49.8,1262,2.087500095,66.91120148
25-10-2016,49.08,1271.900024,2.132499933,66.83399963
26-10-2016,48.98,1264.800049,2.139499903,66.78130341
27-10-2016,49.13,1267.900024,2.165499926,66.86399841
28-10-2016,47.78,1275.5,2.188499928,66.90299988
31-10-2016,46.2,1271.5,2.200500011,66.78140259
01-11-2016,45.77,1286.400024,2.224499941,66.66549683
02-11-2016,44.26,1306.800049,2.226000071,66.67849731
03-11-2016,43.84,1302.099976,2.244499922,66.77749634
04-11-2016,43.06,1303.300049,2.260999918,66.68450165
07-11-2016,42.83,1278.300049,2.306499958,66.78530121
08-11-2016,43.47,1273.400024,2.378999949,66.73500061
09-11-2016,43.88,1272.599976,2.459000111,66.22949982
10-11-2016,43.67,1265.5,2.549499989,66.50749969
11-11-2016,41.61,,,67.21450043
14-11-2016,41.83,1221.199951,2.51850009,67.54679871
15-11-2016,44.15,1224,2.502000093,67.77549744
16-11-2016,45.07,1223.400024,2.464999914,67.7480011
17-11-2016,44.57,1216.5,2.487499952,67.98149872
18-11-2016,44.41,1208.5,2.463999987,67.97480011
21-11-2016,45.96,1209.599976,2.512500048,68.16999817
22-11-2016,46.1,1211,2.542500019,68.21549988
23-11-2016,46.54,1189.099976,2.605999947,68.38549805
24-11-2016,47.54,,,68.79850006
25-11-2016,46.32,1178.199951,2.667000055,68.74549866
28-11-2016,46.64,1190.599976,2.655999899,68.50849915
29-11-2016,44.68,1187.900024,2.595000029,68.55549622
30-11-2016,47.95,1170.800049,2.621500015,68.60800171
01-12-2016,52.28,1166.900024,2.631500006,68.58799744
02-12-2016,52.35,1175.099976,2.61500001,68.21649933
05-12-2016,53.3,1174,2.688999891,68.0114975
06-12-2016,52.31,1167.599976,2.671999931,68.01249695
07-12-2016,51.9,1175,2.637000084,67.72200012
08-12-2016,51.6,1169.800049,2.619999886,67.4315033
09-12-2016,52.19,1159.400024,2.64199996,67.40599823
12-12-2016,53.99,1163.5,2.612999916,67.46050262
13-12-2016,53.28,1156.699951,2.592999935,67.41799927
14-12-2016,53.15,1161.300049,2.599999905,67.3864975
15-12-2016,51.72,1127.800049,2.595999956,67.81999969
16-12-2016,54.15,1135.300049,2.561000109,67.84500122
19-12-2016,53.53,1140.5,2.496500015,67.83499908
20-12-2016,54.56,1131.5,2.499500036,67.84020233
21-12-2016,53.01,1131.099976,2.491499901,67.89700317
22-12-2016,54.04,1128.800049,2.494499922,67.82550049
23-12-2016,53.93,1131.900024,2.472500086,67.83799744
26-12-2016,,,,67.83080292
27-12-2016,,1137.300049,2.507999897,67.77200317
28-12-2016,54.95,1139.400024,2.494999886,67.96800232
29-12-2016,54.97,1156.400024,2.479000092,68.20500183
30-12-2016,54.96,1150,2.497499943,67.93299866
02-01-2017,,,,67.94480133
03-01-2017,55.05,1160.400024,2.480999947,68.1339035
04-01-2017,54.57,1163.800049,2.548000097,68.26979828
05-01-2017,54.99,1179.699951,2.529500008,67.88549805
06-01-2017,55.9,1171.900024,2.538000107,67.73300171
09-01-2017,54.39,1183.5,2.529999971,68.14260101
10-01-2017,53.2,1184.199951,2.603499889,68.09700012
11-01-2017,53.61,1195.599976,2.601000071,68.31800079
12-01-2017,54.51,1198.900024,2.66050005,68.13999939
13-01-2017,54.37,1195.300049,2.680500031,68.12950134
16-01-2017,54.3,,,68.15779877
17-01-2017,54.68,1212,2.616499901,68.09459686
18-01-2017,53.77,1211.300049,2.60800004,67.89949799
19-01-2017,53.18,1200.900024,2.601500034,68.19799805
20-01-2017,55.04,1204.300049,2.617000103,68.09030151
23-01-2017,54.8,1215,2.639499903,68.07720184
24-01-2017,54.7,1210.300049,2.700500011,68.05139923
25-01-2017,54.34,1197.300049,2.702500105,68.16449738
26-01-2017,55.89,1189.5,2.665999889,67.97299957
27-01-2017,54.8,1188.099976,2.680000067,68.14900208
30-01-2017,54.77,1193.199951,2.647500038,68.11000061
31-01-2017,55.25,1208.599976,2.72149992,67.82099915
01-02-2017,55.79,1205.599976,2.70449996,67.50160217
02-02-2017,55.94,1216.699951,2.677999973,67.395401
03-02-2017,55.92,1218.5,2.609499931,67.26560211
06-02-2017,55.02,1230,2.645499945,67.15730286
07-02-2017,53.79,1234.199951,2.625999928,67.19529724
08-02-2017,54.42,1237.599976,2.66050005,67.34049988
09-02-2017,53.98,1235.099976,2.648000002,66.96430206
10-02-2017,55.2,1234.400024,2.762000084,66.74530029
13-02-2017,54.15,1224.400024,2.776499987,66.84369659
14-02-2017,54.96,1223.900024,2.730999947,66.91539764
15-02-2017,54.57,1231.699951,2.736000061,66.77590179
16-02-2017,54.16,1240,2.71600008,66.8655014
17-02-2017,54.48,1237.599976,2.705499887,67.16480255
20-02-2017,55.25,,,67.06520081
21-02-2017,56.34,1237.5,2.745500088,66.96499634
22-02-2017,54.9,1232,2.732500076,66.96510315
23-02-2017,55.82,1250.199951,2.642499924,66.91429901
24-02-2017,54.69,1256.900024,2.680000067,66.68280029
27-02-2017,54.65,1257.400024,2.6875,66.63500214
28-02-2017,53.36,1252.599976,2.703999996,66.69319916
01-03-2017,55.72,1248.900024,2.726500034,66.70510101
02-03-2017,54.16,1231.900024,2.679500103,66.85800171
03-03-2017,54.12,1225.5,2.687000036,66.8451004
06-03-2017,54.73,1224.5,2.642999887,66.77300262
07-03-2017,54.61,1215.099976,2.609499931,66.66470337
08-03-2017,53.3,1208.5,2.592000008,66.61620331
09-03-2017,50.65,1202.400024,2.569999933,66.76499939
10-03-2017,50.63,1200.699951,2.586499929,66.68049622
13-03-2017,50.1,1202.400024,2.616499901,66.48500061
14-03-2017,49.6,1201.900024,2.624000072,66.17009735
15-03-2017,50.63,1200.099976,2.645499945,65.77510071
16-03-2017,50.56,1226.5,2.665499926,65.62049866
17-03-2017,50.58,1229.800049,2.679500103,65.40450287
20-03-2017,50.67,1233.599976,2.655499935,65.4681015
21-03-2017,50.14,1246.099976,2.609999895,65.33529663
22-03-2017,49.56,1249.300049,2.621999979,65.49500275
23-03-2017,50.17,1246.900024,2.636499882,65.36499786
24-03-2017,49.97,1248.199951,2.623500109,65.44439697
27-03-2017,50.12,1255.400024,2.625,65.39309692
28-03-2017,50.72,1255.300049,2.66899991,65.04499817
29-03-2017,51.36,1253.400024,2.670000076,65.11000061
30-03-2017,52.25,1245,2.664999962,64.77999878
31-03-2017,52.2,1247.300049,2.646500111,64.79000092
03-04-2017,52.04,1250.800049,2.597500086,64.79669952
04-04-2017,53.08,1255,2.605999947,64.87750244
05-04-2017,53.41,1245.400024,2.675499916,65.05000305
06-04-2017,53.62,1250.300049,2.655499935,65.04000092
07-04-2017,54.24,1254.300049,2.644999981,64.58000183
10-04-2017,54.79,1251.099976,2.601999998,64.26000214
11-04-2017,54.73,1271.199951,2.605999947,64.57499695
12-04-2017,54.75,1275.300049,2.54399991,64.62999725
13-04-2017,55.05,1285.900024,2.569499969,64.5
14-04-2017,,,,64.44999695
17-04-2017,54.79,1289.400024,2.595000029,64.4536972
18-04-2017,52.6,1291.699951,2.529000044,64.40830231
19-04-2017,52.43,1281.400024,2.533499956,64.56999969
20-04-2017,50.66,1281.900024,2.540999889,64.646698
21-04-2017,49.93,1287.400024,2.536499977,64.66000366
24-04-2017,49.45,1275.800049,2.553499937,64.63999939
25-04-2017,49.37,1265.599976,2.582000017,64.38999939
26-04-2017,49.99,1262.099976,2.59100008,64.34999847
27-04-2017,49.46,1263.699951,2.579999924,64.01999664
28-04-2017,49.46,1266.099976,2.59649992,64.05999756
01-05-2017,50.41,1253.300049,2.650000095,64.25830078
02-05-2017,49.31,1255.099976,2.625,64.18000031
03-05-2017,48.82,1246.400024,2.532999992,64.06999969
04-05-2017,47.53,1226.5,2.502000093,64.20999908
05-05-2017,47.45,1224.800049,2.519500017,64.16999817
08-05-2017,46.61,1225.300049,2.485500097,64.30799866
09-05-2017,47.06,1214.300049,2.49000001,64.41179657
10-05-2017,48.09,1217.300049,2.486999989,64.63999939
11-05-2017,49.18,1222.699951,2.500999928,64.55000305
12-05-2017,49.08,1226.199951,2.517999887,64.36000061
15-05-2017,51.29,1228.599976,2.532999992,64.16549683
16-05-2017,51.21,1235,2.544500113,64.03829956
17-05-2017,51.76,1257.5,2.542500019,63.90000153
18-05-2017,51.71,1251.699951,2.526499987,64.23000336
19-05-2017,52.78,1252.699951,2.573999882,64.87110138
22-05-2017,53.35,1260.699951,2.588999987,64.44850159
23-05-2017,53.19,1254.800049,2.590500116,64.50019836
24-05-2017,53.29,1252.400024,2.578000069,64.8852005
25-05-2017,52.25,1255.800049,2.592000008,64.76010132
26-05-2017,50.84,1267.599976,2.559499979,64.54540253
29-05-2017,52.25,,,64.51319885
30-05-2017,50.65,1262.099976,2.561000109,64.50859833
31-05-2017,49.4,1272,2.576999903,64.61859894
01-06-2017,50.41,1267,2.584500074,64.50009918
02-06-2017,48.46,1276.800049,2.571500063,64.37229919
05-06-2017,48.25,1279.300049,2.554500103,64.40499878
06-06-2017,48.11,1294.400024,2.544500113,64.34400177
07-06-2017,47.08,1290.099976,2.549000025,64.42050171
08-06-2017,46.3,1276.300049,2.607000113,64.41829681
09-06-2017,46.64,1268.5,2.645999908,64.24389648
12-06-2017,47.18,1266.099976,2.612499952,64.3769989
13-06-2017,46.95,1265.800049,2.592999935,64.46910095
14-06-2017,45.47,1272.800049,2.570499897,64.35749817
15-06-2017,45.61,1252.199951,2.563999891,64.165802
16-06-2017,45.7,1254,2.5625,64.55999756
19-06-2017,45.93,1244.199951,2.58949995,64.39499664
20-06-2017,43.98,1241,2.555000067,64.48760223
21-06-2017,44.62,1243.400024,2.601999998,64.53050232
22-06-2017,44.46,1247.599976,2.59800005,64.54160309
23-06-2017,44.14,1256.199951,2.622999907,64.59100342
26-06-2017,44.09,1246.300049,2.625,64.4980011
27-06-2017,46.17,1246.400024,2.646500111,64.4213028
28-06-2017,46.45,1248,2.661999941,64.52480316
29-06-2017,47.02,1244.199951,2.683000088,64.51190186
30-06-2017,47.08,1240.699951,2.698999882,64.78510284
03-07-2017,49.13,1217.900024,2.680999994,64.60679626
04-07-2017,49.15,,,64.84269714
05-07-2017,47.58,1220.400024,2.648999929,64.76889801
06-07-2017,48.53,1222.199951,2.651499987,64.79139709
07-07-2017,46.47,1208.599976,2.637500048,64.71330261
10-07-2017,46.57,1212.099976,2.639499903,64.61170197
11-07-2017,46.68,1213.599976,2.664499998,
12-07-2017,46.73,1218.099976,2.677000046,64.52559662
13-07-2017,47.65,1216.300049,2.654500008,64.36499786
14-07-2017,47.89,1226.599976,2.684000015,64.42579651
17-07-2017,47.66,1232.800049,2.717000008,64.26730347
18-07-2017,47.92,1241.099976,2.723500013,64.33000183
19-07-2017,48.34,1241.199951,2.703000069,64.3062973
20-07-2017,48.54,1244.800049,2.708499908,64.26329803
21-07-2017,47.47,1254.300049,2.714999914,64.32499695
24-07-2017,47.81,1253.900024,2.729000092,64.46109772
25-07-2017,49.19,1251.699951,2.840500116,64.36509705
26-07-2017,50.08,1249,2.868999958,64.4469986
27-07-2017,50.67,1259.599976,2.874000072,64.34470367
28-07-2017,52,1268.400024,2.870500088,64.18499756
31-07-2017,51.99,1266.599976,2.888000011,64.12349701
01-08-2017,50.77,1272.599976,2.878999949,64.1894989
02-08-2017,52.09,1271.800049,2.882499933,64.05580139
03-08-2017,52.88,1267.800049,2.877000093,63.6405983
04-08-2017,52.48,1258.300049,2.88499999,63.6969986
07-08-2017,51.42,1258.199951,2.907999992,63.6651001
08-08-2017,52.18,1256.400024,2.942500114,63.83010101
09-08-2017,52.16,1273,2.930000067,63.70289993
10-08-2017,52.59,1283.699951,2.905999899,63.88769913
11-08-2017,51.47,1287.699951,2.914000034,64.13860321
14-08-2017,51.29,1284.199951,2.906500101,64.08100128
15-08-2017,49.9,1273.699951,2.884500027,64.17430115
16-08-2017,50.39,1276.900024,2.95449996,64.26300049
17-08-2017,50.37,1286.400024,2.937999964,64.16049957
18-08-2017,50.96,1285.699951,2.940500021,64.18890381
21-08-2017,51.94,1290.800049,2.980999947,64.07589722
22-08-2017,52.29,1285.099976,2.986500025,64.15750122
23-08-2017,52.31,1288.900024,2.980499983,64.05750275
24-08-2017,51.73,1286.5,3.033499956,64.00499725
25-08-2017,51.87,1292.5,3.032999992,64.03500366
28-08-2017,51.87,1309.699951,3.065000057,63.99549866
29-08-2017,51.64,1313.099976,3.08100009,63.78929901
30-08-2017,51.91,1308.099976,3.064500093,63.98680115
31-08-2017,52.69,1316.199951,3.078999996,63.9762001
01-09-2017,53.15,1324.5,3.09800005,63.91189957
04-09-2017,52.6,,,64.01550293
05-09-2017,53.63,1339.199951,3.107500076,64.02629852
06-09-2017,54.48,1333.900024,3.131500006,64.09999847
07-09-2017,54.16,1345.099976,3.122999907,64.01540375
08-09-2017,54.55,1346,3.021500111,63.95009995
11-09-2017,54.2,1331,3.046000004,63.93099976
12-09-2017,55.06,1328,3.015500069,63.97999954
13-09-2017,55.52,1323.400024,2.960999966,63.98759842
14-09-2017,56.76,1324.699951,2.936500072,64.11509705
15-09-2017,56.18,1320.400024,2.927999973,64.15499878
18-09-2017,55.5,1306.300049,2.948999882,64.12020111
19-09-2017,56.58,1306.199951,2.949500084,64.21469879
20-09-2017,57.2,1312,2.949500084,64.29869843
21-09-2017,57.73,1290.599976,2.914000034,64.28369904
22-09-2017,58.16,1293.300049,2.924499989,64.8022995
25-09-2017,59.42,1306.800049,2.917500019,64.89099884
26-09-2017,59.77,1297,2.897500038,65.26509857
27-09-2017,58.74,1283.400024,2.911000013,65.34999847
28-09-2017,58.8,1285.5,2.962500095,65.52500153
29-09-2017,57.02,1281.5,2.9375,65.36000061
02-10-2017,55.67,1272.699951,2.939500093,65.29329681
03-10-2017,56.12,1271.5,2.948499918,65.57170105
04-10-2017,56,1273.699951,2.944499969,65.44309998
05-10-2017,57.09,1269.900024,3.031500101,65.01950073
06-10-2017,55.5,1271.599976,3.014499903,65.20999908
09-10-2017,55.29,1281.800049,3.01699996,65.41419983
10-10-2017,56.62,1290.599976,3.04550004,65.41459656
11-10-2017,56.13,1285.800049,3.079999924,65.23889923
12-10-2017,56.13,1293.300049,3.104000092,65.20539856
13-10-2017,56.86,1301.5,3.118499994,65.04599762
16-10-2017,57.49,1299.900024,3.223999977,64.67299652
17-10-2017,57.63,1283,3.180500031,64.69460297
18-10-2017,58.05,1279.900024,3.163500071,64.92870331
19-10-2017,57.82,1286.900024,3.153000116,65.0401001
20-10-2017,57.89,1277.400024,3.151499987,64.90460205
23-10-2017,57.69,1277.699951,3.174000025,65.10410309
24-10-2017,57.84,1275,3.186500072,65.03489685
25-10-2017,58.45,1275.400024,3.171499968,65.07949829
26-10-2017,58.75,1266.300049,3.167500019,64.83999634
27-10-2017,60.15,1268.5,3.093499899,64.59999847
30-10-2017,60.65,1274.099976,3.101999998,64.87339783
31-10-2017,61.35,1267,3.092000008,64.8423996
01-11-2017,60.98,1274.099976,3.132999897,64.67009735
02-11-2017,60.79,1274.900024,3.135499954,64.55509949
03-11-2017,61.42,1266.5,3.110500097,64.50050354
06-11-2017,64.27,1279.400024,3.150500059,64.69339752
07-11-2017,64.36,1273.699951,3.082499981,64.59089661
08-11-2017,63.96,1281.599976,3.092999935,65.16449738
09-11-2017,64.49,1285.599976,3.079999924,64.91049957
10-11-2017,64.35,1272.400024,3.069499969,64.96800232
13-11-2017,62.94,1277.300049,3.111500025,65.16030121
14-11-2017,60.91,1281.5,3.059999943,65.43840027
15-11-2017,61.25,1276.5,3.049000025,65.41339874
16-11-2017,61.18,1277.400024,3.043499947,
17-11-2017,61.34,1295.800049,3.0625,65.20999908
20-11-2017,61.34,1274.599976,3.090500116,64.90499878
21-11-2017,62.28,1281.099976,3.125499964,65.02500153
22-11-2017,62.92,1291.599976,3.134500027,64.76129913
23-11-2017,63.27,,,64.76999664
24-11-2017,63.58,1286.699951,3.165999889,64.57939911
27-11-2017,63.25,1293.800049,3.132499933,64.54499817
28-11-2017,63.56,1294.699951,3.070499897,64.43389893
29-11-2017,63.74,1282.099976,3.039999962,64.47000122
30-11-2017,63.53,1273.199951,3.036999941,64.41480255
01-12-2017,64.57,1278.800049,3.065500021,64.49939728
04-12-2017,63.45,1274.300049,3.062999964,64.50900269
05-12-2017,63.45,1261.599976,2.92050004,64.35140228
06-12-2017,62.25,1262.800049,2.936500072,64.35690308
07-12-2017,62.37,1249.800049,2.940500021,64.51519775
08-12-2017,63.86,1245.199951,2.954999924,64.54239655
11-12-2017,65.62,1243.699951,2.987999916,64.47299957
12-12-2017,64.96,1238.5,2.999500036,64.34999847
13-12-2017,63.66,1245.400024,3.029500008,64.55000305
14-12-2017,63.72,1253.800049,3.048500061,64.31999969
15-12-2017,63.81,1254.300049,3.109999895,64.27500153
18-12-2017,64.45,1262.199951,3.121999979,64.07230377
19-12-2017,63.69,1260.699951,3.127500057,64.20010376
20-12-2017,64.43,1266.099976,3.171499968,64.04759979
21-12-2017,64.64,1267.300049,3.194499969,63.96500015
22-12-2017,64.61,1275.400024,3.21449995,64.00969696
25-12-2017,,,,64.00779724
26-12-2017,,1284.099976,3.256000042,64.01049805
27-12-2017,66.03,1287,3.256999969,64.02819824
28-12-2017,66.8,1294.099976,3.286000013,64.11499786
29-12-2017,66.73,1306.300049,3.279500008,64.06199646
01-01-2018,,,,63.84080124
02-01-2018,66.65,1313.699951,3.256000042,63.86759949
03-01-2018,67.85,1316.199951,3.236999989,63.45999908
04-01-2018,68.73,1319.400024,3.242500067,63.41910172
05-01-2018,68.01,1320.300049,3.207000017,63.36959839
08-01-2018,68.48,1318.599976,3.200999975,63.26499939
09-01-2018,69.08,1311.699951,3.194499969,63.45199966
10-01-2018,69.79,1317.400024,3.214999914,63.63610077
11-01-2018,70.36,1320.599976,3.213500023,63.75999832
12-01-2018,69.64,1333.400024,3.200000048,63.67210007
15-01-2018,70.31,,,63.58850098
16-01-2018,69.4,1335.400024,3.198999882,63.52119827
17-01-2018,69.19,1338,3.166500092,63.99430084
18-01-2018,69.48,1326,3.177000046,63.82500076
19-01-2018,68.56,1331.900024,3.167000055,63.86759949
22-01-2018,69.32,1330.900024,3.17750001,63.83209991
23-01-2018,69.81,1335.699951,3.08949995,63.88010025
24-01-2018,69.91,1355.900024,3.208499908,63.75049973
25-01-2018,71.08,1362.400024,3.198999882,63.57789993
26-01-2018,70.08,1351.599976,3.182499886,63.57310104
29-01-2018,68.41,,,63.56999969
30-01-2018,67.78,1335.400024,3.177000046,63.66939926
31-01-2018,67.78,1339,3.184000015,63.76990128
01-02-2018,68.6,1344.300049,3.197000027,63.66500092
02-02-2018,67.45,1333.699951,3.176500082,63.97499847
05-02-2018,67.69,1333,3.210500002,64.13249969
06-02-2018,66.75,1326.099976,3.17750001,64.31469727
07-02-2018,65.74,1311.599976,3.076499939,63.97999954
08-02-2018,64.26,1316.900024,3.072000027,64.19999695
09-02-2018,63.04,1313.099976,3.024499893,64.44049835
12-02-2018,62.2,1324.199951,3.077500105,64.21130371
13-02-2018,61.94,1328.099976,3.154500008,64.28350067
14-02-2018,62.29,1355.5,3.228499889,64.25009918
15-02-2018,62.86,1352.099976,3.239000082,64.02519989
16-02-2018,64.3,1353.199951,3.243000031,63.89089966
19-02-2018,64.95,,,64.37999725
20-02-2018,64.68,1328.800049,3.186000109,64.50499725
21-02-2018,64.81,1330,3.211499929,64.86499786
22-02-2018,66.12,1330.599976,3.237499952,64.89499664
23-02-2018,67.04,1328.199951,3.208499908,64.95140076
26-02-2018,67.96,1330.699951,3.196000099,64.70300293
27-02-2018,67.59,1315.5,3.157500029,64.78040314
28-02-2018,66.08,1315.5,3.107500076,64.91000366
01-03-2018,64.23,1302.900024,3.099499941,65.23999786
02-03-2018,64.26,1321.099976,3.101000071,65.15000153
05-03-2018,65.78,1318.099976,3.105499983,65.18669891
06-03-2018,65.67,1333.599976,3.137000084,65.00370026
07-03-2018,65.09,1326,3.114000082,64.88999939
08-03-2018,63.87,1319.900024,3.058500051,64.8911972
09-03-2018,65.19,1322.400024,3.115999937,65.0904007
12-03-2018,64.53,1319.400024,3.104000092,64.96489716
13-03-2018,64.2,1325.900024,3.118999958,64.94550323
14-03-2018,63.61,1324.400024,3.140000105,64.82810211
15-03-2018,63.67,1316.800049,3.111000061,64.83679962
16-03-2018,64.68,1311.300049,3.092999935,65.01439667
19-03-2018,64.82,1316.800049,3.069499969,65.06500244
20-03-2018,66,1311.099976,3.025500059,65.21009827
21-03-2018,68.15,1320.699951,3.048500061,65.23239899
22-03-2018,68.98,1326.599976,3.012000084,65.06559753
23-03-2018,69.03,1349.300049,2.984499931,65.16000366
26-03-2018,68.81,1354.400024,2.960500002,65.01499939
27-03-2018,68.63,1341.300049,2.991499901,64.69499969
28-03-2018,68.13,1324.199951,2.993999958,64.89550018
29-03-2018,69.02,1322.800049,3.019000053,65.14920044
30-03-2018,,,,65.02999878
02-04-2018,,1342.099976,3.040499926,65.10549927
03-04-2018,69.02,1332.800049,3.058000088,65.13999939
04-04-2018,66.04,1335.800049,3.006999969,64.90499878
05-04-2018,66.54,1324.300049,3.069499969,64.99500275
06-04-2018,66.51,1331.900024,3.053999901,64.8615036
09-04-2018,68.19,1336.300049,3.071500063,64.90450287
10-04-2018,70.67,1342,3.131000042,64.87000275
11-04-2018,72.74,1356.5,3.111999989,64.9253006
12-04-2018,71.44,1338.400024,3.059999943,65.19000244
13-04-2018,73.18,1344.800049,3.067500114,65.27570343
16-04-2018,72.05,1347.5,3.091500044,65.19560242
17-04-2018,71.71,1347.199951,3.075000048,65.4292984
18-04-2018,73.73,1351.199951,3.15350008,65.67500305
19-04-2018,74.85,1346.800049,3.128000021,66.01000214
20-04-2018,74.62,1336.699951,3.131500006,66.1147995
23-04-2018,74.54,1322.5,3.10800004,66.19689941
24-04-2018,75.86,1331.400024,3.138499975,66.54499817
25-04-2018,73.79,1321.199951,3.131999969,66.41410065
26-04-2018,75.39,1316.300049,3.112999916,66.90769958
27-04-2018,75.33,1320.300049,3.046000004,66.90000153
30-04-2018,75.92,1316.199951,3.05250001,66.61000061
01-05-2018,74.85,1303.800049,3.015000105,66.44999695
02-05-2018,73.14,1302.599976,3.047499895,66.78869629
03-05-2018,73.45,1310.699951,3.059000015,67.08000183
04-05-2018,74.75,1312.699951,3.065500021,66.66000366
07-05-2018,,1312.199951,3.059499979,66.8105011
08-05-2018,74.16,1312,3.040499926,67.1187973
09-05-2018,77.6,1311.300049,3.039499998,67.16249847
10-05-2018,77.59,1320.800049,3.092499971,67.62000275
11-05-2018,77.37,1319,3.095000029,67.38999939
14-05-2018,78.17,1316.5,3.078500032,67.38220215
15-05-2018,78.94,1288.900024,3.042500019,67.6780014
16-05-2018,78.19,1290.199951,3.058500051,68.45999908
17-05-2018,80.09,1288.199951,3.076999903,68.05999756
18-05-2018,78.38,1290.199951,3.051000118,68.13999939
21-05-2018,78.34,1290.199951,3.085500002,67.97499847
22-05-2018,80.42,1291.699951,3.118999958,68.40000153
23-05-2018,78.69,1289.300049,3.060499907,68.43000031
24-05-2018,78.9,1303.699951,3.085500002,68.65000153
25-05-2018,76.6,1303.300049,3.066999912,68.26010132
28-05-2018,,,,67.72170258
29-05-2018,74.51,1298.699951,3.052000046,67.40280151
30-05-2018,75.89,1301.5,3.059499979,68.12999725
31-05-2018,76.45,1300.099976,3.058000088,67.43000031
01-06-2018,74.54,1294.800049,3.091500044,67.43499756
04-06-2018,73.41,1293.099976,3.126499891,66.92500305
05-06-2018,72.91,1297.5,3.190999985,67.05999756
06-06-2018,73.23,1297.099976,3.254499912,67.08999634
07-06-2018,75.23,1298.699951,3.267999887,66.83010101
08-06-2018,75.11,1298.099976,3.292999983,67.41000366
11-06-2018,74.58,1298.900024,3.250499964,67.51000214
12-06-2018,74.86,1295.099976,3.242500067,67.48999786
13-06-2018,75.07,1296.900024,3.247999907,67.91000366
14-06-2018,74.77,1304,3.216500044,67.77999878
15-06-2018,72.02,1274.599976,3.141000032,68.12999725
18-06-2018,74.87,1276.199951,3.103499889,68.05000305
19-06-2018,74.92,1275.599976,3.046499968,68.01000214
20-06-2018,74.25,1271.199951,3.046499968,68.05000305
21-06-2018,72.87,1267.199951,3.025000095,68.34999847
22-06-2018,73.67,1267.400024,3.032500029,67.83000183
25-06-2018,72.82,1265.599976,2.992000103,67.85489655
26-06-2018,73.58,1256.599976,2.996999979,68.33999634
27-06-2018,76.09,1252.800049,2.989500046,68.36499786
28-06-2018,76.26,1247.800049,2.953500032,69.23999786
29-06-2018,77.44,1251.300049,2.950999975,68.79669952
02-07-2018,76.71,1239.800049,2.931499958,68.43499756
03-07-2018,75.87,1251.599976,2.905999899,68.69480133
04-07-2018,76.99,,,68.83000183
05-07-2018,77.09,1257.300049,2.813999891,68.98000336
06-07-2018,74.98,1254.300049,2.812999964,69.06999969
09-07-2018,77.08,1258.099976,2.838999987,68.75499725
10-07-2018,77.8,1253.800049,2.828500032,68.65979767
11-07-2018,75.35,1242.800049,2.733500004,68.90000153
12-07-2018,72.11,1245,2.767999887,68.72000122
13-07-2018,74.11,1239.599976,2.769999981,68.54000092
16-07-2018,71.03,1238.099976,2.756999969,68.48670197
17-07-2018,70.87,1225.699951,2.739500046,68.72000122
18-07-2018,70.52,1226.300049,2.752000093,68.35600281
19-07-2018,71.94,1222.400024,2.686000109,68.6155014
20-07-2018,71.99,1229.5,2.746000051,68.93509674
23-07-2018,73.45,1224,2.736999989,68.73329926
24-07-2018,73.53,1223.900024,2.799999952,69.19999695
25-07-2018,73.67,1231.400024,2.805999994,68.80999756
26-07-2018,74.51,1225.300049,2.803999901,68.83999634
27-07-2018,74.84,1222.599976,2.787499905,68.73999786
30-07-2018,74.99,1221.300049,2.779000044,68.61499786
31-07-2018,74.16,1223.699951,2.819000006,68.68499756
01-08-2018,72.28,1217.900024,2.734999895,68.49680328
02-08-2018,72.95,1210.599976,2.726999998,68.30709839
03-08-2018,72.48,1214.199951,2.753499985,68.6155014
06-08-2018,72.51,1208.599976,2.720999956,68.50499725
07-08-2018,72.31,1209.599976,2.740999937,68.80999756
08-08-2018,70.71,1212.599976,2.740499973,68.59600067
09-08-2018,70.55,1211.900024,2.755500078,68.45500183
10-08-2018,71,1211.099976,2.732500076,69.09999847
13-08-2018,70.62,1191.300049,2.721999884,69.08499908
14-08-2018,70.77,1193,2.675499916,69.94909668
15-08-2018,68.38,1177.5,2.556999922,69.94999695
16-08-2018,69.21,1176.199951,2.613500118,70.66000366
17-08-2018,70.14,1176.5,2.624500036,70.00499725
20-08-2018,71.11,1186.800049,2.663500071,69.78500366
21-08-2018,71.65,1192.599976,2.689500093,69.73999786
22-08-2018,72.96,1196.300049,2.668499947,69.80999756
23-08-2018,73.73,1187,2.652499914,69.79000092
24-08-2018,74.41,1206.300049,2.698999882,70.27500153
27-08-2018,74.41,1209,2.704999924,69.76499939
28-08-2018,75.91,1207.400024,2.733999968,69.94499969
29-08-2018,76.07,1204.5,2.709000111,70.54000092
30-08-2018,77.05,1197.699951,2.690500021,70.91000366
31-08-2018,76.94,1200.300049,2.648999929,71.40499878
03-09-2018,77.81,,,70.99500275
04-09-2018,77.51,1192.699951,2.583499908,71.06999969
05-09-2018,76.68,1194.900024,2.592499971,71.75
06-09-2018,75.67,1197.900024,2.618499994,71.88999939
07-09-2018,75.55,1193.599976,2.603499889,71.93890381
10-09-2018,76.77,1193,2.610500097,72.09500122
11-09-2018,78.22,1195.400024,2.604000092,72.44499969
12-09-2018,80.02,1204.699951,2.658499956,72.98999786
13-09-2018,77.66,1202,2.664499998,71.92520142
14-09-2018,77.87,1195,2.627500057,72.02749634
17-09-2018,78.22,1199.699951,2.633500099,72.09500122
18-09-2018,79.25,1196.800049,2.711999893,72.53479767
19-09-2018,79.43,1202.199951,2.710000038,73.12000275
20-09-2018,79.03,1206.199951,2.720999956,72.34500122
21-09-2018,78.9,1196.199951,2.836499929,71.72000122
24-09-2018,80.89,1199.300049,2.815999985,72.23000336
25-09-2018,82.21,1200,2.803499937,73.30000305
26-09-2018,81.87,1194,2.806999922,73.08999634
27-09-2018,81.54,1182.300049,2.764499903,72.76999664
28-09-2018,82.72,1191.5,2.786999941,72.94999695
01-10-2018,84.94,1187.099976,2.773999929,72.50499725
02-10-2018,85.63,1202.400024,2.795000076,73.75499725
03-10-2018,85.45,1198.300049,2.82249999,73.27999878
04-10-2018,86.07,1197.199951,2.765000105,73.84999847
05-10-2018,85.12,1201.199951,2.750999928,74.22000122
08-10-2018,84.22,1184.400024,2.755000114,73.76300049
09-10-2018,85.16,1187.199951,2.795000076,73.88999939
10-10-2018,83.82,1189.300049,2.769000053,74.55000305
11-10-2018,81.35,1223.5,2.796999931,74.59999847
12-10-2018,80.71,1218.099976,2.792999983,74.16000366
15-10-2018,80.91,1226.400024,2.780499935,73.6760025
16-10-2018,80.53,1227.300049,2.770499945,74.08000183
17-10-2018,79.91,1223.699951,2.76699996,73.45549774
18-10-2018,80.3,1226.5,2.737499952,73.91999817
19-10-2018,80.38,1225.300049,2.767999887,74.16000366
22-10-2018,80.45,1221.199951,2.773999929,73.46499634
23-10-2018,78.67,1233.400024,2.746999979,73.85949707
24-10-2018,77.34,1227.800049,2.746500015,73.22129822
25-10-2018,77.3,1229.099976,2.748500109,73.22049713
26-10-2018,77.4,1232.5,2.743999958,73.22019958
29-10-2018,77.56,1224.5,2.738500118,73.125
30-10-2018,75.68,1222.599976,2.663000107,73.59059906
31-10-2018,74.84,1212.300049,2.663500071,73.65000153
01-11-2018,71.25,1236,2.72149992,74.06999969
02-11-2018,71.11,1230.900024,2.802999973,73.30999756
05-11-2018,72.68,1229.800049,2.755500078,72.90499878
06-11-2018,70.64,1223.800049,2.730499983,72.86000061
07-11-2018,70.1,1226.199951,2.752500057,73.23000336
08-11-2018,69.29,1222.900024,2.736999989,72.37999725
09-11-2018,69.01,1206.400024,2.686500072,72.90000153
12-11-2018,69.81,1201.300049,2.677999973,72.47000122
13-11-2018,65.45,1199.199951,2.687000036,73.18000031
14-11-2018,64.88,1207.900024,2.709500074,72.55000305
15-11-2018,65.61,1212.800049,2.749000072,72.40000153
16-11-2018,65.29,1220.800049,2.803999901,71.89170074
19-11-2018,64.14,1223.099976,2.804500103,71.77500153
20-11-2018,61.5,1219,2.766499996,71.69000244
21-11-2018,61.65,1225.800049,2.794500113,71.41500092
22-11-2018,61.11,,,71.29499817
23-11-2018,57.69,1221,2.770499945,70.83499908
26-11-2018,59.7,1220.199951,2.758500099,70.66999817
27-11-2018,59.58,1211.199951,2.710500002,70.80999756
28-11-2018,57.97,1221.400024,2.796000004,70.87999725
29-11-2018,58.29,1224.099976,2.778000116,70.59999847
30-11-2018,57.71,1220.199951,2.777499914,69.91999817
03-12-2018,60.17,1233.900024,2.799499989,69.76000214
04-12-2018,61.22,1241.099976,2.748500109,70.48500061
05-12-2018,61.4,,,70.62999725
06-12-2018,57.83,1238.099976,2.740499973,70.87000275
07-12-2018,61.71,1246.800049,2.757499933,70.75
10-12-2018,60.29,1243.699951,2.718499899,71.36499786
11-12-2018,59.73,1241.900024,2.766000032,72.73000336
12-12-2018,59.94,1244.400024,2.76850009,72.62000275
13-12-2018,59.03,1242.699951,2.762500048,72.15000153
14-12-2018,58.56,1237,2.760499954,71.54699707
17-12-2018,57.59,1247.400024,2.753000021,71.91000366
18-12-2018,55.26,1249.199951,2.671000004,71.58999634
19-12-2018,55.6,1252.099976,2.72149992,70.56999969
20-12-2018,52.84,1263.599976,2.701999903,70.6855011
21-12-2018,51.93,1253.800049,2.678499937,70.30000305
24-12-2018,,1267.5,2.668499947,70.13999939
25-12-2018,,,,70.23999786
26-12-2018,,1269.199951,2.708499908,70.23999786
27-12-2018,51.49,1277.300049,2.667500019,70.15000153
28-12-2018,50.57,1279.900024,2.678999901,69.98999786
31-12-2018,,1278.300049,2.628000021,69.92250061
01-01-2019,,,,69.70999908
02-01-2019,54.06,1281,2.625,69.70999908
03-01-2019,53.23,1291.800049,2.570499897,69.95999908
04-01-2019,55.64,1282.699951,2.651499987,70.30000305
07-01-2019,57.1,1286.800049,2.641000032,69.52500153
08-01-2019,56.91,1283.199951,2.66050005,69.80999756
09-01-2019,59.46,1289.300049,2.661999941,70.33000183
10-01-2019,60.47,1284.699951,2.64350009,70.55049896
11-01-2019,59.24,1287.099976,2.669500113,70.72000122
14-01-2019,58.8,1289.099976,2.645499945,70.37000275
15-01-2019,58.65,1286.199951,2.650500059,71.08499908
16-01-2019,59.81,1291.599976,2.693500042,71.09249878
17-01-2019,59.85,1291,2.700000048,71.36499786
18-01-2019,62.04,1281.300049,2.740999937,71.03019714
21-01-2019,62.18,,,71.23000336
22-01-2019,60.9,1282.5,2.688999891,71.5
23-01-2019,61.05,1283.099976,2.694000006,71.23020172
24-01-2019,61.09,1279.099976,2.673500061,71.15730286
25-01-2019,61.49,1297.400024,2.737999916,70.98999786
28-01-2019,59.71,1302.400024,2.6875,70.97499847
29-01-2019,60.98,1308.199951,2.732000113,71.09010315
30-01-2019,61.89,1309.900024,2.773000002,71.62000275
31-01-2019,62.46,1319.699951,2.789000034,71.12000275
01-02-2019,61.86,1316.900024,2.775000095,71.19999695
04-02-2019,62.26,1314.300049,2.795000076,71.4516983
05-02-2019,61.67,1314.199951,2.816999912,71.68499756
06-02-2019,62.22,1309.5,2.835500002,71.76999664
07-02-2019,61.01,1309.400024,2.828500032,71.54049683
08-02-2019,61.37,1313.699951,2.809999943,71.58000183
11-02-2019,61.3,1307,2.791500092,71.15000153
12-02-2019,62.58,1309.199951,2.774499893,71.23000336
13-02-2019,63.27,1310.800049,2.773999929,70.80999756
14-02-2019,64,1309.800049,2.776000023,70.86509705
15-02-2019,65.65,1318.099976,2.80250001,71.01000214
18-02-2019,66.41,,,71.31999969
19-02-2019,65.86,1340.099976,2.881500006,71.69999695
20-02-2019,66.82,1343.300049,2.930000067,71.59999847
21-02-2019,66.91,1323.5,2.902499914,71.30000305
22-02-2019,66.91,1329.199951,2.960999966,71.18499756
25-02-2019,64.02,1325.900024,2.950000048,71.03099823
26-02-2019,64.51,1325.099976,2.944000006,71.08999634
27-02-2019,65.55,1317.699951,2.959000111,70.94000244
28-02-2019,65.03,1312.800049,2.950000048,71.19000244
01-03-2019,63.71,1296.400024,2.933500051,70.81600189
04-03-2019,64.44,1284.800049,2.911000013,70.98999786
05-03-2019,64.24,1282,2.936000109,70.90000153
06-03-2019,64.51,1284.900024,2.918499947,70.74250031
07-03-2019,64.82,1283.800049,2.911499977,70.36499786
08-03-2019,65.66,1297,2.894000053,70.48750305
11-03-2019,65.06,1288.800049,2.900000095,69.98690033
12-03-2019,65.33,1296.300049,2.92750001,69.7901001
13-03-2019,65.89,1307.5,2.933500051,69.84500122
14-03-2019,66.18,1293.400024,2.888499975,69.7263031
15-03-2019,66.11,1301.800049,2.90350008,69.33730316
18-03-2019,66.65,1300.300049,2.90350008,68.95300293
19-03-2019,67.13,1305,2.919500113,68.61799622
20-03-2019,68.35,1300.5,2.915499926,69.31749725
21-03-2019,68.3,1306.099976,2.900000095,68.82499695
22-03-2019,66.29,1311.599976,2.835999966,68.93000031
25-03-2019,67.37,1321.900024,2.849499941,69.16049957
26-03-2019,67.51,1314.300049,2.850500107,68.92340088
27-03-2019,67.35,1309.900024,2.85800004,69.42749786
28-03-2019,66.08,1289.800049,2.868499994,69.37000275
29-03-2019,67.93,1293,2.936000109,69.5
01-04-2019,69.08,1288.400024,2.92050004,69.43000031
02-04-2019,69.68,1290,2.904000044,69.19529724
03-04-2019,69.21,1289.900024,2.946500063,68.91020203
04-04-2019,69.8,1289,2.908499956,68.84999847
05-04-2019,69.93,1290.400024,2.892499924,68.97039795
08-04-2019,71.12,1297.099976,2.929500103,69.16000366
09-04-2019,71.02,1303.5,2.931499958,69.55249786
10-04-2019,71.63,1309.099976,2.922499895,69.26180267
11-04-2019,71.3,1288.599976,2.885999918,69.14019775
12-04-2019,71.57,1290.599976,2.946000099,69.43000031
15-04-2019,70.9,1286.800049,2.934000015,69.16100311
16-04-2019,70.74,1272.599976,2.930500031,69.80999756
17-04-2019,71.14,1272.199951,2.975500107,69.88500214
18-04-2019,70.71,1271.900024,2.92750001,69.40100098
19-04-2019,,,,69.3809967
22-04-2019,70.71,1273.5,2.906500101,69.36000061
23-04-2019,74.39,1269.300049,2.898499966,70.0625
24-04-2019,73.59,1275.5,2.917500019,69.75800323
25-04-2019,74.94,1275.800049,2.877500057,70.09580231
26-04-2019,71.03,1284.900024,2.970000029,70.16000366
29-04-2019,71.22,1278.599976,2.894999981,69.84200287
30-04-2019,72.19,1282.800049,2.901499987,69.8117981
01-05-2019,72.01,1281.400024,2.802999973,69.55599976
02-05-2019,70.56,1269.699951,2.78399992,69.63289642
03-05-2019,71.95,1279.199951,2.825000048,69.42440033
06-05-2019,71.95,1281.699951,2.836999893,69.16799927
07-05-2019,70.98,1283.5,2.79399991,69.40029907
08-05-2019,71.09,1279.400024,2.78550005,69.91000366
09-05-2019,70.61,1283.5,2.783499956,70.01000214
10-05-2019,71.63,1285.699951,2.785000086,70.41000366
13-05-2019,72.35,1300.099976,2.729500055,69.92250061
14-05-2019,72.53,1294.699951,2.734499931,70.61699677
15-05-2019,73.09,1296.300049,2.753499985,70.30699921
16-05-2019,74.7,1285,2.758500099,70.209198
17-05-2019,73.94,1274.5,2.747999907,70.23500061
20-05-2019,73.21,1276.099976,2.736000061,70.28150177
21-05-2019,72.94,1272,2.723500013,70.12750244
22-05-2019,71.94,1273.599976,2.686000109,
23-05-2019,68.37,1284.800049,2.686500072,69.97250366
24-05-2019,67.98,1283,2.706500053,69.94499969
27-05-2019,,,,69.36000061
28-05-2019,70.19,1276.5,2.703500032,69.72000122
29-05-2019,70.64,1280.599976,2.672499895,69.875
30-05-2019,69.55,1287.099976,2.66050005,69.81500244
31-05-2019,66.78,1305.800049,2.645999908,69.98000336
03-06-2019,63.16,1322.699951,2.655499935,69.56960297
04-06-2019,63.56,1323.400024,2.673500061,69.16190338
05-06-2019,62.14,1328.300049,2.627000093,69.55999756
06-06-2019,62.77,1337.599976,2.654000044,69.625
07-06-2019,64.1,1341.199951,2.630500078,69.36000061
10-06-2019,64.31,1324.699951,2.664000034,69.34500122
11-06-2019,63.56,1326.400024,2.675499916,69.52349854
12-06-2019,61.66,1331.900024,2.65899992,69.3864975
13-06-2019,63.28,1339.199951,2.661000013,69.69999695
14-06-2019,63.13,1340.099976,2.634500027,69.80000305
17-06-2019,62.56,1338.699951,2.651000023,69.77050018
18-06-2019,63.35,1346.599976,2.707000017,70.11250305
19-06-2019,62.85,1344.599976,2.684499979,69.76499939
20-06-2019,65.44,1392.900024,2.715500116,69.87000275
21-06-2019,65.99,1396.199951,2.70600009,69.77999878
24-06-2019,65.16,1414.300049,2.705499887,69.56990051
25-06-2019,66.24,1414.900024,2.735500097,69.60250092
26-06-2019,66.85,1411.599976,2.710999966,69.63749695
27-06-2019,66.78,1408.400024,2.712500095,69.60250092
28-06-2019,67.52,1409.699951,2.705499887,69.32499695
01-07-2019,65.1,1385.599976,2.679500103,68.94049835
02-07-2019,62.72,1404.599976,2.657500029,69.16750336
03-07-2019,63.53,1417.699951,2.679500103,69.08249664
04-07-2019,63.62,,,69.00749969
05-07-2019,64.23,1396.699951,2.658499956,68.73999786
08-07-2019,64.89,1397,2.655999899,68.44000244
09-07-2019,64.3,1397.5,2.624500036,68.84999847
10-07-2019,66.41,1410.099976,2.693000078,68.76499939
11-07-2019,67.64,1404.300049,2.682499886,68.36759949
12-07-2019,66.65,1409.900024,2.691499949,68.66999817
15-07-2019,66.86,1411.400024,2.707499981,68.5503006
16-07-2019,65.87,1409.199951,2.693500042,68.74749756
17-07-2019,63.67,1421.300049,2.710000038,68.89499664
18-07-2019,60.7,1426.099976,2.703999996,68.78600311
19-07-2019,61.04,1425.099976,2.744499922,68.84999847
22-07-2019,61.96,1425.300049,2.71449995,68.83000183
23-07-2019,62.28,1420.099976,2.694000006,69.16000366
24-07-2019,63.83,1422.800049,2.703999996,69.01999664
25-07-2019,63.47,1413.900024,2.695499897,69.18499756
26-07-2019,62.46,1418.5,2.676500082,69.15049744
29-07-2019,62.29,1419.599976,2.709500074,68.87000275
30-07-2019,62.55,1429.699951,2.67050004,68.94999695
31-07-2019,64.07,1426.099976,2.657999992,69.07749939
01-08-2019,62.9,1420.900024,2.660000086,69.40499878
02-08-2019,61.12,1445.599976,2.565000057,69.29720306
05-08-2019,59.32,1464.599976,2.536999941,69.6568985
06-08-2019,58.63,1472.400024,2.551000118,71.51999664
07-08-2019,55.03,1507.300049,2.565000057,71.23000336
08-08-2019,56.29,1497.699951,2.601999998,71.1651001
09-08-2019,57.37,1496.599976,2.584000111,70.47090149
12-08-2019,57.13,1505.300049,2.579999924,71.03500366
13-08-2019,59.9,1502.199951,2.624500036,71.58000183
14-08-2019,57.86,1515.900024,2.586499929,71.08000183
15-08-2019,57.37,1519.599976,2.58949995,71.6352005
16-08-2019,59,1512.5,2.589999914,71.72000122
19-08-2019,59.79,1500.400024,2.596999884,71.13200378
20-08-2019,59.03,1504.599976,2.573999882,71.99500275
21-08-2019,60.6,1504.599976,2.581500053,71.80999756
22-08-2019,59.81,1497.300049,2.553499937,71.43779755
23-08-2019,58.64,1526.599976,2.526000023,71.92040253
26-08-2019,58.64,1526.300049,2.539999962,71.50250244
27-08-2019,58.44,1541,2.543499947,72.16000366
28-08-2019,60.42,1537.800049,2.551000118,71.53500366
29-08-2019,60.59,1526.5,2.559499979,72.08499908
30-08-2019,61.04,1519.099976,2.532999992,71.68019867
02-09-2019,58.55,,,71.72989655
03-09-2019,57.93,1545.900024,2.512500048,71.96209717
04-09-2019,60.68,1550.300049,2.578999996,72.45999908
05-09-2019,62.7,1515.400024,2.624500036,71.95570374
06-09-2019,61.28,1506.199951,2.615499973,72.22000122
09-09-2019,63.99,1502.199951,2.610500097,71.66999817
10-09-2019,64.67,1490.300049,2.610500097,72.09249878
11-09-2019,63.02,1494.400024,2.597500086,71.85900116
12-09-2019,60.76,1498.699951,2.623500109,71.56009674
13-09-2019,61.25,1490.900024,2.680999994,71.28500366
16-09-2019,68.42,1503.099976,2.621000051,71.02069855
17-09-2019,65.59,1505.099976,2.609499931,71.74909973
18-09-2019,64.29,1507.5,2.595499992,71.70999908
19-09-2019,64.25,1498.400024,2.59100008,71.54250336
20-09-2019,65.23,1507.300049,2.589999914,71.71749878
23-09-2019,64.66,1523.699951,2.594500065,71.19159698
24-09-2019,64.13,1532.099976,2.58949995,70.78959656
25-09-2019,62.41,1504.599976,2.595000029,71.28500366
26-09-2019,62.08,1507.5,2.559999943,71.30999756
27-09-2019,62.48,1499.099976,2.582999945,71.21499634
30-09-2019,60.99,1465.699951,2.564500093,70.498703
01-10-2019,60.06,1482,2.552000046,70.92250061
02-10-2019,57.92,1501,2.561500072,71.09999847
03-10-2019,58.01,1507.099976,2.54550004,71.14160156
04-10-2019,59.13,1506.199951,2.555500031,71.01999664
07-10-2019,59.46,1497.699951,2.572000027,70.81500244
08-10-2019,58.14,1497.199951,2.563499928,71.36000061
09-10-2019,59.7,1506.099976,2.562000036,71.20999908
10-10-2019,59.08,1494.800049,2.605000019,71.41000366
11-10-2019,60.59,1482.699951,2.618499994,70.98000336
14-10-2019,58.81,1491.699951,2.623500109,70.91400146
15-10-2019,59.19,1477.599976,2.604000092,71.45249939
16-10-2019,59.3,1488,2.57949996,71.76000214
17-10-2019,59.35,1492.300049,2.586999893,71.62000275
18-10-2019,59.96,1488.199951,2.625,71.42250061
21-10-2019,58.95,1482.400024,2.63499999,71.02999878
22-10-2019,60.5,1481.699951,2.621999979,71.10500336
23-10-2019,60.52,1489.900024,2.662499905,71.07499695
24-10-2019,61.71,1498.900024,2.65899992,70.71499634
25-10-2019,62.06,1499.5,2.666500092,71.19000244
28-10-2019,60.39,1490,2.672499895,70.83000183
29-10-2019,61.05,1487,2.682499886,70.73500061
30-10-2019,60.22,1493.199951,2.680500031,70.88459778
31-10-2019,59.3,1511.400024,2.632999897,70.98999786
01-11-2019,60.17,1508,2.651000023,70.97000122
04-11-2019,62.52,1508,2.667000055,70.51210022
05-11-2019,62.72,1480.800049,2.694999933,71
06-11-2019,62.11,1490.199951,2.661000013,70.89499664
07-11-2019,62.6,1464.199951,2.723999977,71
08-11-2019,62,1461.300049,2.677999973,71.37650299
11-11-2019,62.58,1455.5,2.660000086,71.37650299
12-11-2019,62.19,1452.099976,2.64199996,71.5739975
13-11-2019,62.27,1461.699951,2.636499882,71.77999878
14-11-2019,62.46,1471.800049,2.618499994,72.14150238
15-11-2019,63.32,1467.300049,2.63499999,71.95580292
18-11-2019,62.82,1470.900024,2.617500067,71.70580292
19-11-2019,62.37,1473.300049,2.65350008,71.93509674
20-11-2019,63.8,1473.300049,2.646500111,71.85099792
21-11-2019,64.99,1463.099976,2.621000051,71.76820374
22-11-2019,64.83,1463.099976,2.647500038,71.7405014
25-11-2019,64.67,1456.599976,2.647500038,71.7826004
26-11-2019,64.82,1459.800049,2.674499989,71.67949677
27-11-2019,65.03,1453.400024,2.674499989,71.42839813
28-11-2019,64.68,,,71.22810364
29-11-2019,64.5,1465.599976,2.64199996,71.54740143
02-12-2019,63.2,1462.300049,2.632499933,71.72299957
03-12-2019,62.95,1478.199951,2.60800004,71.625
04-12-2019,65.25,1474,2.644000053,71.95999908
05-12-2019,65.67,1476.900024,2.648499966,71.48010254
06-12-2019,66.5,1459.099976,2.710999966,71.38500214
09-12-2019,66.44,1459.300049,2.746500015,71.28679657
10-12-2019,66.57,1462.599976,2.755500078,70.96019745
11-12-2019,65.37,1469.400024,2.782500029,71.01000214
12-12-2019,66.67,1466.699951,2.789499998,70.72930145
13-12-2019,67.44,1475.599976,2.780499935,70.55989838
16-12-2019,68.04,1475,2.820499897,70.68900299
17-12-2019,68.99,1474.599976,2.819499969,70.92050171
18-12-2019,69.12,1472.599976,2.816999912,71.21499634
19-12-2019,69.7,1478.199951,2.831500053,70.98989868
20-12-2019,68.66,1474.699951,2.811000109,71.22270203
23-12-2019,67.49,1482.5,2.816999912,71.02400208
24-12-2019,69.26,1499.099976,2.838500023,71.21070099
25-12-2019,,,,71.45999908
26-12-2019,69.26,1509.300049,2.864500046,71.54000092
27-12-2019,68.91,1513.800049,2.836499929,71.3003006
30-12-2019,68.3,1514.5,2.827500105,71.31300354
31-12-2019,67.77,1519.5,2.79399991,71.31099701
01-01-2020,,,,71.27580261
02-01-2020,67.05,1524.5,2.832999945,71.02500153
03-01-2020,69.08,1549.199951,2.798500061,71.41500092
06-01-2020,70.25,1566.199951,2.800499916,71.73100281
07-01-2020,68.74,1571.800049,2.803999901,71.78700256
08-01-2020,67.31,1557.400024,2.819000006,72.16000366
09-01-2020,66.58,1551.699951,2.810499907,71.41190338
10-01-2020,66.77,1557.5,2.818500042,71.19429779
13-01-2020,64.14,1548.400024,2.861500025,70.95300293
14-01-2020,64.45,1542.400024,2.875999928,70.71890259
15-01-2020,63.29,1552.099976,2.869999886,70.8451004
16-01-2020,64.63,1549,2.851999998,70.71800232
17-01-2020,64.05,1558.800049,2.849499941,70.94560242
20-01-2020,64.63,,,71.03469849
21-01-2020,63.66,1556.400024,2.798500061,71.03099823
22-01-2020,62.11,1555.300049,2.76699996,71.16999817
23-01-2020,61.26,1564.599976,2.726000071,71.07810211
24-01-2020,59.34,1571.099976,2.685499907,71.32099915
27-01-2020,58.54,1576.800049,2.59649992,71.32499695
28-01-2020,59.37,1569.199951,2.57949996,71.44000244
29-01-2020,59.46,1569.800049,2.553499937,71.23040009
30-01-2020,57.72,1583.5,2.523499966,71.30000305
31-01-2020,57.77,1582.900024,2.519999981,71.63999939
03-02-2020,54,1577.199951,2.513000011,71.49649811
04-02-2020,53.9,1550.400024,2.547499895,71.31410217
05-02-2020,55.36,1557.800049,2.578999996,71.09999847
06-02-2020,55.18,1565.099976,2.598500013,71.18000031
07-02-2020,54.53,1568.599976,2.559000015,71.47000122
10-02-2020,53.39,1574.699951,2.557499886,71.51550293
11-02-2020,54,1565.599976,2.588500023,71.27999878
12-02-2020,55.54,1567.400024,2.605999947,71.27529907
13-02-2020,56.34,1575.099976,2.619499922,71.29620361
14-02-2020,57.37,1582.699951,2.605499983,71.26850128
17-02-2020,57.83,,,71.51480103
18-02-2020,57.35,1600,2.609999895,71.34919739
19-02-2020,59.72,1607.5,2.612499952,71.57499695
20-02-2020,59.57,1616.599976,2.595000029,71.82749939
21-02-2020,58.6,1644.599976,2.618000031,72.11000061
24-02-2020,56.71,1672.400024,2.592499971,71.88680267
25-02-2020,55.29,1646.900024,2.59649992,72.04669952
26-02-2020,54.96,1640,2.576499939,71.87000275
27-02-2020,52.19,1640,2.571500063,71.66339874
28-02-2020,51.31,1564.099976,2.546000004,71.93000031
02-03-2020,52.52,1592.300049,2.601000071,72.15000153
03-03-2020,52.24,1642.099976,2.57949996,72.82499695
04-03-2020,51.86,1641.099976,2.592999935,73.34200287
05-03-2020,51.29,1666.400024,2.582499981,74.04250336
06-03-2020,45.6,1670.800049,2.572999954,73.85510254
09-03-2020,35.33,1674.5,2.523999929,73.99530029
10-03-2020,35.57,1659.099976,2.53399992,74.40599823
11-03-2020,34.45,1641.400024,2.512000084,74.20500183
12-03-2020,31.02,1589.300049,2.480999947,74.76000214
13-03-2020,32.25,1515.699951,2.473999977,75.30000305
16-03-2020,27.98,1485.900024,2.398499966,73.90399933
17-03-2020,27.97,1524.900024,2.315500021,75.15499878
18-03-2020,22.79,1477.300049,2.16050005,74.01239777
19-03-2020,23.98,1478.599976,2.200000048,74.98200226
20-03-2020,25.55,1484,2.190500021,75.15969849
23-03-2020,23.75,1567,2.119499922,75.62210083
24-03-2020,24.5,1660.199951,2.19749999,76.5059967
25-03-2020,25.62,1632.300049,2.233999968,77.26000214
26-03-2020,23.55,1650.099976,2.207999945,75.84549713
27-03-2020,22.39,1623.900024,2.197000027,74.7256012
30-03-2020,19.19,1622,2.161999941,75.46499634
31-03-2020,14.85,1583.400024,2.24000001,75.40000153
01-04-2020,14.97,1578.199951,2.191999912,75.32499695
02-04-2020,20.24,1625.699951,2.23300004,77.56999969
03-04-2020,24.33,1633.699951,2.210000038,77.13999939
06-04-2020,22.58,1677,2.234999895,76.23000336
07-04-2020,22.1,1664.800049,2.288500071,75.96489716
08-04-2020,25.22,1665.400024,2.278000116,76.66000366
09-04-2020,20.23,1736.199951,2.277499914,75.95899963
10-04-2020,,,,76.65000153
13-04-2020,,1744.800049,2.320499897,76.16649628
14-04-2020,21.74,1756.699951,2.346999884,76.91000366
15-04-2020,19.8,1727.199951,2.3125,75.93099976
16-04-2020,18.69,1720.400024,2.304500103,77.21250153
17-04-2020,19.75,1689.199951,2.353499889,77.56999969
20-04-2020,17.36,1701.599976,2.334500074,76.55999756
21-04-2020,9.12,1678.199951,2.26699996,77.20999908
22-04-2020,13.77,1728.699951,2.317500114,76.9693985
23-04-2020,15.06,1733.300049,2.323999882,76.40000153
24-04-2020,15.87,1723.5,2.34800005,76.42250061
27-04-2020,15.17,1711.900024,2.381999969,76.27149963
28-04-2020,15.6,1710.5,2.378999949,76.18630219
29-04-2020,17.86,1703.400024,2.374500036,76.46499634
30-04-2020,18.11,1684.199951,2.354000092,75.25849915
01-05-2020,18.49,1694.5,2.318500042,75.72000122
04-05-2020,20.4,1706.900024,2.323999882,75.60050201
05-05-2020,25.46,1704.400024,2.34100008,75.84999847
06-05-2020,24.2,1684.199951,2.352499962,76.16999817
07-05-2020,24.23,1721.800049,2.385499954,76.15129852
08-05-2020,,1709.900024,2.408499956,76.08000183
11-05-2020,25.53,1695.300049,2.381999969,75.52500153
12-05-2020,26.67,1704.400024,2.360500097,76.30999756
13-05-2020,27.89,1713.900024,2.348999977,75.68000031
14-05-2020,29.87,1738.099976,2.351000071,75.42620087
15-05-2020,30.95,1753.400024,2.333499908,75.48500061
18-05-2020,33.3,1731.800049,2.404999971,75.81999969
19-05-2020,33.06,1744.199951,2.423000097,75.60009766
20-05-2020,34.76,1750.599976,2.467499971,76
21-05-2020,34.78,1720.5,2.451999903,75.77999878
22-05-2020,33.8,1734.599976,2.40899992,75.625
25-05-2020,,,,75.98500061
26-05-2020,33.95,1704.800049,2.438499928,76.11000061
27-05-2020,32.73,1710.300049,2.402499914,75.81999969
28-05-2020,33.98,1713.300049,2.413000107,76.12999725
29-05-2020,34.15,1751.699951,2.426500082,75.95999908
01-06-2020,36.74,1750.300049,2.474499941,75.51319885
02-06-2020,37.72,1734,2.494499922,75.73000336
03-06-2020,37.98,1704.800049,2.496500015,75.06580353
04-06-2020,38.41,1727.400024,2.493000031,75.54499817
05-06-2020,41,1683,2.556999922,75.49089813
08-06-2020,39.66,1705.099976,2.569999933,75.5177002
09-06-2020,40.45,1721.900024,2.600500107,75.625
10-06-2020,41.18,1720.699951,2.657000065,75.50980377
11-06-2020,37.76,1739.800049,2.586499929,75.875
12-06-2020,38.54,1737.300049,2.601500034,76.38999939
15-06-2020,39.44,1727.199951,2.568500042,75.95680237
16-06-2020,40.75,1736.5,2.565999985,75.97799683
17-06-2020,40.47,1735.599976,2.592000008,76.65499878
18-06-2020,41.75,1731.099976,2.59100008,76.55000305
19-06-2020,42.33,1753,2.61500001,76.40039825
22-06-2020,43.2,1766.400024,2.655499935,76.25209808
23-06-2020,42.72,1782,2.660000086,75.78980255
24-06-2020,40.4,1775.099976,2.650500059,75.60780334
25-06-2020,41.18,1770.599976,2.662499905,75.97000122
26-06-2020,40.97,1780.300049,2.671999931,75.53980255
29-06-2020,41.58,1781.199951,2.679500103,75.61979675
30-06-2020,41.64,1800.5,2.713500023,75.69999695
01-07-2020,42.18,1779.900024,2.717000008,75.75
02-07-2020,43.19,1790,2.733500004,75.45490265
03-07-2020,42.92,,,74.72100067
06-07-2020,42.73,1793.5,2.766000032,74.6792984
07-07-2020,43.28,1809.900024,2.787499905,74.60759735
08-07-2020,43.67,1820.599976,2.814500093,75.125
09-07-2020,42.35,1803.800049,2.828000069,74.93990326
10-07-2020,43.27,1801.900024,2.887000084,75.33999634
13-07-2020,42.85,1814.099976,2.941999912,75.15850067
14-07-2020,42.97,1813.400024,2.915999889,75.44999695
15-07-2020,43.96,1813.800049,2.870500088,75.57499695
16-07-2020,43.71,1800.300049,2.885999918,75.12490082
17-07-2020,43.53,1810,2.887500048,75.17449951
20-07-2020,43.3,1817.400024,2.898499966,74.89730072
21-07-2020,44.31,1843.900024,2.940999985,74.98999786
22-07-2020,43.98,1865.099976,2.908499956,74.76999664
23-07-2020,42.96,1890,2.924499989,74.81999969
24-07-2020,43.29,1897.5,2.881999969,74.80729675
27-07-2020,43.39,1931,2.888000011,74.75980377
28-07-2020,43.11,1944.599976,2.904999971,75
29-07-2020,43.51,1953.400024,2.905499935,75.08999634
30-07-2020,42.98,1942.300049,2.904500008,74.83119965
31-07-2020,43.13,1962.800049,2.858999968,74.98999786
03-08-2020,43.76,1966,2.907999992,74.9178009
04-08-2020,43.99,2021,2.889499903,75.33000183
05-08-2020,44.92,2049.300049,2.911499977,75.25
06-08-2020,45.04,2069.399902,2.905499935,74.88220215
07-08-2020,44.07,2028,2.790499926,74.89980316
10-08-2020,44.19,2039.699951,2.858500004,75.02480316
11-08-2020,43.68,1946.300049,2.871999979,75.09999847
12-08-2020,45.09,1949,2.887000084,74.90000153
13-08-2020,44.87,1970.400024,2.803999901,74.77210236
14-08-2020,44.86,1949.800049,2.855999947,75.02999878
17-08-2020,44.91,1998.699951,2.898000002,74.90280151
18-08-2020,45.34,2013.099976,2.970999956,75
19-08-2020,45.21,1970.300049,3.019000053,74.79499817
20-08-2020,44.56,1946.5,2.970000029,74.96679688
21-08-2020,43.94,1947,2.913500071,74.99990082
24-08-2020,44.43,1939.199951,2.922499895,74.92179871
25-08-2020,46.01,1923.099976,2.930999994,74.40000153
26-08-2020,45.79,1952.5,2.959500074,74.45249939
27-08-2020,44.84,1932.599976,2.964999914,74.24009705
28-08-2020,45.22,1974.900024,2.994999886,73.77449799
31-08-2020,,1978.599976,3.040999889,73.12830353
01-09-2020,45.72,1978.900024,3.009500027,73.66999817
02-09-2020,42.7,1944.699951,3.003000021,73.26999664
03-09-2020,42.72,1937.800049,2.957999945,73.24849701
04-09-2020,41.1,1934.300049,3.046499968,73.44789886
07-09-2020,40.67,,,73.29029846
08-09-2020,38.53,1943.199951,3.012500048,73.65000153
09-09-2020,39.98,1954.900024,3.039999962,73.78679657
10-09-2020,39.27,1964.300049,2.986999989,73.55000305
11-09-2020,38.8,1947.900024,3.03399992,73.52729797
14-09-2020,38.57,1963.699951,3.066499949,73.47859955
15-09-2020,39.54,1966.199951,3.062999964,73.61499786
16-09-2020,41.23,1970.5,3.058000088,73.80000305
17-09-2020,42.35,1949.900024,3.066499949,73.55069733
18-09-2020,42.16,1962.099976,3.113500118,73.58360291
21-09-2020,40.37,1910.599976,3.029500008,73.53479767
22-09-2020,40.84,1907.599976,3.059000015,73.57980347
23-09-2020,41.09,1868.400024,2.993499994,73.50299835
24-09-2020,41.24,1876.900024,2.969000101,73.77839661
25-09-2020,40.91,1866.300049,2.97300005,73.68240356
28-09-2020,41.59,1882.300049,2.989500046,73.69930267
29-09-2020,40.33,1903.199951,2.983500004,73.97499847
30-09-2020,40.3,1895.5,3.02850008,73.84500122
01-10-2020,39.75,1916.300049,2.863500118,73.70500183
02-10-2020,38,1907.599976,2.978499889,73.21700287
05-10-2020,39.78,1920.099976,2.964999914,73.32240295
06-10-2020,41.27,1908.800049,2.965500116,73.10829926
07-10-2020,40.62,1890.800049,3.034499884,73.81500244
08-10-2020,42,1895.099976,3.042000055,73.54250336
09-10-2020,41.63,1926.199951,3.07949996,73.28050232
12-10-2020,40.5,1928.900024,3.061000109,73.01480103
13-10-2020,41.34,1894.599976,3.042500019,73.35079956
14-10-2020,41.81,1907.300049,3.047499895,73.62000275
15-10-2020,41.61,1908.900024,3.082999945,73.29620361
16-10-2020,41.34,1906.400024,3.065000057,73.3710022
19-10-2020,41.29,1911.699951,3.08100009,73.44380188
20-10-2020,41.62,1915.400024,3.14350009,73.57499695
21-10-2020,40.09,1929.5,3.194499969,73.64749908
22-10-2020,41.28,1904.599976,3.150000095,73.6812973
23-10-2020,40.71,1905.199951,3.125499964,73.72000122
26-10-2020,39.06,1905.699951,3.088500023,73.82289886
27-10-2020,39.72,1911.900024,3.089999914,73.94850159
28-10-2020,37.86,1879.199951,3.056999922,73.80500031
29-10-2020,36.56,1868,3.052000046,74.44000244
30-10-2020,36.33,1879.900024,3.043499947,74.26399994
02-11-2020,37.78,1892.5,3.073499918,74.55049896
03-11-2020,38.17,1910.400024,3.086999893,74.45680237
04-11-2020,39.68,1896.199951,3.101000071,74.6556015
05-11-2020,39.47,1946.800049,3.104500055,74.37999725
06-11-2020,38.08,1951.699951,3.148999929,74.12000275
09-11-2020,40.93,1854.400024,3.151499987,73.97979736
10-11-2020,42.25,1876.400024,3.150500059,73.95320129
11-11-2020,42.5,1861.599976,3.128999949,74.28160095
12-11-2020,42.16,1873.300049,3.142999887,74.56999969
13-11-2020,41.51,1886.199951,3.175499916,74.86499786
16-11-2020,42.71,1887.800049,3.220000029,74.48770142
17-11-2020,42.54,1885.099976,3.196500063,74.41809845
18-11-2020,42.91,1873.900024,3.197999954,74.47969818
19-11-2020,43.09,1861.5,3.203500032,74.41999817
20-11-2020,43.79,1872.400024,3.293499947,74.09960175
23-11-2020,45,1837.800049,3.259500027,74.16239929
24-11-2020,46.63,1804.599976,3.299999952,74.24490356
25-11-2020,47.3,1805.5,3.312000036,73.96080017
26-11-2020,46.32,,,73.7798996
27-11-2020,46.88,1781.900024,3.399499893,74.04879761
30-11-2020,46.84,1775.699951,3.42050004,73.94090271
01-12-2020,47.03,1814.099976,3.467999935,74.02519989
02-12-2020,47.8,1830.199951,3.474999905,73.65499878
03-12-2020,48.37,1841.099976,3.479000092,73.66259766
04-12-2020,49.1,1840,3.513999939,73.86489868
07-12-2020,48.63,1866,3.508500099,73.79029846
08-12-2020,48.84,1874.900024,3.493999958,74.01999664
09-12-2020,48.81,1838.5,3.507999897,73.72640228
10-12-2020,50.33,1837.400024,3.570499897,73.93499756
11-12-2020,50.01,1843.599976,3.523999929,73.72669983
14-12-2020,50.27,1832.099976,3.522000074,73.73799896
15-12-2020,50.77,1855.300049,3.538000107,73.86000061
16-12-2020,50.83,1859.099976,3.553999901,73.75980377
17-12-2020,51.2,1890.400024,3.596999884,73.61660004
18-12-2020,52.17,1888.900024,3.628499985,73.52980042
21-12-2020,50.61,1882.800049,3.572999954,73.60359955
22-12-2020,49.88,1870.300049,3.517999887,73.93530273
23-12-2020,51.05,1878.099976,3.552000046,74.26999664
24-12-2020,50.88,1883.199951,3.559999943,73.83979797
25-12-2020,,,,73.55780029
28-12-2020,50.88,1880.400024,3.569999933,73.68900299
29-12-2020,50.44,1882.900024,3.552999973,73.54489899
30-12-2020,50.74,1893.400024,3.542999983,73.45359802
31-12-2020,51.22,1895.099976,3.513999939,73.13400269
01-01-2021,,,,73.08920288
04-01-2021,50.37,1946.599976,3.552999973,73.09200287
05-01-2021,53.16,1954.400024,3.640500069,73.31999969
06-01-2021,53.8,1908.599976,3.650000095,73.37480164
07-01-2021,53.7,1913.599976,3.695499897,73.36000061
08-01-2021,55.51,1835.400024,3.673500061,73.44599915
11-01-2021,54.84,1850.800049,3.563999891,73.37339783
12-01-2021,55.98,1844.199951,3.605000019,73.5134964
13-01-2021,55.52,1854.900024,3.617000103,73.16500092
14-01-2021,55.76,1851.400024,3.667999983,73.16989899
15-01-2021,54.8,1829.900024,3.602999926,73.08760071
18-01-2021,54.21,,,73.15899658
19-01-2021,55.38,1840.199951,3.635999918,73.18869781
20-01-2021,55.66,1866.5,3.647500038,73.19190216
21-01-2021,55.68,1865.900024,3.655499935,72.9108963
22-01-2021,55.22,1856.199951,3.635499954,72.95490265
25-01-2021,55.44,1855.199951,3.640500069,72.99590302
26-01-2021,55.26,1850.900024,3.628000021,72.97000122
27-01-2021,55.07,1844.900024,3.571500063,72.91999817
28-01-2021,54.87,1837.900024,3.582999945,73.03710175
29-01-2021,55.25,1847.300049,3.573499918,72.938797
01-02-2021,56.42,1863.900024,3.562000036,72.90660095
02-02-2021,57.62,1833.400024,3.539000034,73.11979675
03-02-2021,58.61,1835.099976,3.578500032,72.91629791
04-02-2021,58.98,1791.199951,3.565999985,72.85800171
05-02-2021,59.48,1813,3.638999939,72.9457016
08-02-2021,60.17,1834.199951,3.678999901,72.78479767
09-02-2021,60.74,1837.5,3.733500004,72.92990112
10-02-2021,61.17,1842.699951,3.78550005,72.85489655
11-02-2021,61.09,1826.800049,3.787499905,72.80729675
12-02-2021,62.47,1823.199951,3.802000046,72.70950317
15-02-2021,63.58,,,72.59480286
16-02-2021,63.96,1799,3.84800005,72.63870239
17-02-2021,65.02,1772.800049,3.835999966,72.93499756
18-02-2021,64.09,1775,3.916500092,72.79730225
19-02-2021,62.84,1777.400024,4.090000153,72.60540009
22-02-2021,64.73,1808.400024,4.152500153,72.5530014
23-02-2021,65.16,1805.900024,4.1875,72.44400024
24-02-2021,66.85,1797.900024,4.301000118,72.3769989
25-02-2021,66.69,1775.400024,4.265999794,72.40000153
26-02-2021,65.86,1728.800049,4.094500065,73.15090179
01-03-2021,64.56,1723,4.11950016,73.59590149
02-03-2021,63.17,1733.599976,4.231500149,73.30940247
03-03-2021,64.7,1715.800049,4.152999878,73.27749634
04-03-2021,67.32,1700.699951,3.990999937,72.88069916
05-03-2021,69.95,1698.5,4.086999893,73.13179779
08-03-2021,68,1678,4.103499889,73.13339996
09-03-2021,67.03,1716.900024,4.019499779,73.33000183
10-03-2021,67.53,1721.800049,4.041999817,72.77590179
11-03-2021,69.34,1722.599976,4.143000126,72.70600128
12-03-2021,68.87,1719.800049,4.145500183,72.63899994
15-03-2021,68.78,1729.199951,4.146500111,72.68299866
16-03-2021,67.95,1730.900024,4.078999996,72.51529694
17-03-2021,67.73,1727.099976,4.127999783,72.51560211
18-03-2021,62.11,1732.5,4.117000103,72.29560089
19-03-2021,64,1741.699951,4.12349987,72.66880035
22-03-2021,63.89,1738.099976,4.149000168,72.40499878
23-03-2021,59.96,1725.099976,4.087999821,72.38050079
24-03-2021,63.7,1733.199951,4.071499825,72.61219788
25-03-2021,61.21,1725.099976,3.984999895,72.64559937
26-03-2021,63.77,1732.300049,4.078499794,72.6128006
29-03-2021,64.06,1712.199951,4.043000221,72.44719696
30-03-2021,63.28,1683.900024,3.98300004,72.74189758
31-03-2021,63.52,1713.800049,4.002999783,73.44529724
01-04-2021,63.85,1728.400024,4.003499985,73.20349884
02-04-2021,,,,73.28730011
05-04-2021,,1728.800049,4.149000168,73.37599945
06-04-2021,61.47,1743,4.12650013,73.27950287
07-04-2021,61.86,1741.599976,4.06400013,73.48999786
08-04-2021,62.09,1758.199951,4.103499889,74.40149689
09-04-2021,61.89,1744.800049,4.050499916,74.54450226
12-04-2021,62.38,1732.699951,4.03000021,74.72949982
13-04-2021,62.83,1747.599976,4.043000221,74.99099731
14-04-2021,66.11,1736.300049,4.139999866,75.1815033
15-04-2021,66.13,1766.800049,4.230500221,75.02610016
16-04-2021,65.98,1780.199951,4.179999828,74.72740173
19-04-2021,66.54,1770.599976,4.25,74.5632019
20-04-2021,65.34,1778.400024,4.223999977,74.87819672
21-04-2021,64.02,1793.099976,4.286499977,75.44920349
22-04-2021,65.07,1782,4.280499935,75.42949677
23-04-2021,65.75,1777.800049,4.342999935,75.09169769
26-04-2021,65.5,1780.099976,4.447999954,74.86810303
27-04-2021,66.25,1778.800049,4.743000031,74.81490326
28-04-2021,67.08,1773.900024,4.537000179,74.57499695
29-04-2021,68.26,1768.300049,4.493000031,74.3117981
30-04-2021,67.73,1767.699951,4.479000092,74.10579681
03-05-2021,,1791.800049,4.543000221,74.09480286
04-05-2021,68.91,1776,4.535999775,73.83750153
05-05-2021,69.71,1784.300049,4.539000034,73.77890015
06-05-2021,68.62,1815.699951,4.618999958,73.79940033
07-05-2021,68.73,1831.300049,4.765999794,73.61519623
10-05-2021,68.61,1837.599976,4.733500004,73.29029846
11-05-2021,68.83,1836.099976,4.77850008,73.5
12-05-2021,69.62,1822.800049,4.752500057,73.37509918
13-05-2021,67.36,1824,4.705500126,73.68160248
14-05-2021,69.24,1838.099976,4.664000034,73.44490051
17-05-2021,69.62,1867.599976,4.72149992,73.27890015
18-05-2021,69.01,1868,4.735499859,73.2696991
19-05-2021,66.88,1881.5,4.58949995,73.12819672
20-05-2021,65.18,1881.900024,4.581999779,73.22290039
21-05-2021,66.72,1876.699951,4.495999813,73.02189636
24-05-2021,68.59,1884.5,4.541500092,72.90979767
25-05-2021,68.8,1898,4.521999836,72.83660126
26-05-2021,68.93,1901.199951,4.532999992,72.80490112
27-05-2021,69.43,1895.699951,4.666500092,72.67250061
28-05-2021,69.36,1902.5,4.682499886,72.68299866
31-05-2021,,,,72.39350128
01-06-2021,70.03,1905,4.662000179,72.48719788
02-06-2021,70.6,1909.900024,4.599999905,72.85500336
03-06-2021,70.71,1873.300049,4.47149992,72.96510315
04-06-2021,71.3,1892,4.537499905,73.04419708
07-06-2021,70.89,1898.800049,4.534999847,72.90969849
08-06-2021,71.39,1894.400024,4.563000202,72.80940247
09-06-2021,71.31,1895.5,4.536499977,72.97530365
10-06-2021,71.65,1896.400024,4.489999771,72.98529816
11-06-2021,72.05,1879.599976,4.541500092,73.01229858
14-06-2021,72.27,1865.900024,4.532000065,73.2315979
15-06-2021,73.38,1856.400024,4.340000153,73.18080139
16-06-2021,73.88,1861.400024,4.392499924,73.34470367
17-06-2021,72.92,1774.800049,4.184500217,73.82409668
18-06-2021,73.1,1769,4.162499905,74.25389862
21-06-2021,74.49,1782.900024,4.1875,74.14389801
22-06-2021,74.92,1777.400024,4.234499931,74.1352005
23-06-2021,75.22,1783.400024,4.330999851,74.3321991
24-06-2021,75.95,1776.699951,4.311500072,74.24690247
25-06-2021,76.45,1777.800049,4.298999786,74.19029999
28-06-2021,74.78,1780.699951,4.277999878,74.21299744
29-06-2021,75.38,1763.599976,4.276500225,74.28540039
30-06-2021,76.94,1771.599976,4.296500206,74.28759766
01-07-2021,76.69,1776.800049,4.242000103,74.3710022
02-07-2021,77.51,1783.300049,4.282000065,74.54499817
05-07-2021,78.34,,,74.48179626
06-07-2021,75.81,1794.199951,4.257999897,74.31780243
07-07-2021,74.31,1802.099976,4.328999996,74.76290131
08-07-2021,75.07,1800.199951,4.271500111,74.82189941
09-07-2021,77.14,1810.599976,4.352499962,74.7213974
12-07-2021,76.77,1805.900024,4.322999954,74.4905014
13-07-2021,77.5,1809.900024,4.314499855,74.54170227
14-07-2021,75.74,1825,4.27699995,74.65910339
15-07-2021,74.53,1829,4.333000183,74.46910095
16-07-2021,74.46,1815,4.332499981,74.53700256
19-07-2021,69.33,1809.199951,4.210499763,74.63179779
20-07-2021,70.03,1811.400024,4.273499966,74.99340057
21-07-2021,72.54,1803.400024,4.28249979,74.52700043
22-07-2021,74.25,1805.400024,4.34800005,74.44020081
23-07-2021,74.86,1801.800049,4.406499863,74.45200348
26-07-2021,74.79,1799.199951,4.589000225,74.44889832
27-07-2021,74.87,1799.800049,4.546000004,74.28949738
28-07-2021,75.09,1799.699951,4.479000092,74.50229645
29-07-2021,76.3,1831.199951,4.519999981,74.38999939
30-07-2021,77.72,1812.599976,4.480500221,74.2519989
02-08-2021,73.91,1822.199951,4.43200016,74.37909698
03-08-2021,73.24,1814.099976,4.382999897,74.33200073
04-08-2021,70.99,1814.5,4.329999924,74.21440125
05-08-2021,72.14,1808.900024,4.345499992,74.18399811
06-08-2021,71.02,1763.099976,4.345499992,74.08200073
09-08-2021,69.65,1726.5,4.287000179,74.49140167
10-08-2021,71.14,1731.699951,4.351500034,74.46620178
11-08-2021,71.99,1753.300049,4.363999844,74.4355011
12-08-2021,71.79,1751.800049,4.355999947,74.10299683
13-08-2021,70.9,1778.199951,4.387000084,74.26010132
16-08-2021,70.07,1789.800049,4.322000027,74.21679688
17-08-2021,69.4,1787.800049,4.199999809,74.13500214
18-08-2021,68.61,1784.400024,4.116000175,74.36450195
19-08-2021,66.8,1783.099976,4.038499832,74.26979828
20-08-2021,65.51,1784,4.134500027,74.4292984
23-08-2021,69.07,1806.300049,4.234499931,74.30149841
24-08-2021,71.21,1808.5,4.255000114,74.10590363
25-08-2021,72.12,1791,4.264999866,74.14479828
26-08-2021,70.42,1795.199951,4.245999813,74.09999847
27-08-2021,72.26,1819.5,4.316500187,74.15599823
30-08-2021,,1812.199951,4.361000061,73.49659729
31-08-2021,73.45,1818.099976,4.360000134,73.41120148
01-09-2021,71.99,1816,4.263000011,72.99669647
02-09-2021,73.56,1811.5,4.289999962,72.98509979
03-09-2021,73.07,1833.699951,4.325500011,73.0542984
06-09-2021,72.43,,,72.99449921
07-09-2021,71.52,1798.5,4.277500153,73.11000061
08-09-2021,72.36,1793.5,4.231999874,73.39040375
09-09-2021,71.32,1800,4.283500195,73.78900146
10-09-2021,72.44,1792.099976,4.447999954,73.53800201
13-09-2021,72.97,1794.400024,4.363500118,73.52429962
14-09-2021,73.05,1807.099976,4.31799984,73.540802
15-09-2021,74.84,1794.800049,4.40350008,73.65080261
16-09-2021,75.14,1756.699951,4.27850008,73.43800354
17-09-2021,74.64,1751.400024,4.245500088,73.56490326
20-09-2021,73.59,1763.800049,4.117000103,73.69609833
21-09-2021,73.65,1778.199951,4.127999783,73.65899658
22-09-2021,75.5,1778.800049,4.252500057,73.79270172
23-09-2021,76.44,1749.800049,4.230999947,73.87490082
24-09-2021,77.42,1751.699951,4.287499905,73.83999634
27-09-2021,78.85,1752,4.293499947,73.81289673
28-09-2021,78.3,1737.5,4.244999886,73.82530212
29-09-2021,77.86,1722.900024,4.199999809,74.16329956
30-09-2021,77.81,1757,4.090000153,74.3219986
01-10-2021,79.4,1758.400024,4.193500042,74.25440216
04-10-2021,81.44,1767.599976,4.246500015,74.15209961
05-10-2021,82.72,1760.900024,4.202000141,74.57279968
06-10-2021,81.39,1761.800049,4.157000065,74.5632019
07-10-2021,82.34,1759.199951,4.250999928,74.76000214
08-10-2021,82.17,1757.400024,4.282999992,74.83000183
11-10-2021,83.75,1755.699951,4.374499798,75.30580139
12-10-2021,83.53,1759.300049,4.328999996,75.40260315
13-10-2021,83.53,1794.699951,4.520500183,75.48390198
14-10-2021,83.86,1797.900024,4.631499767,75.3062973
15-10-2021,84.67,1768.300049,4.734000206,74.99500275
18-10-2021,84.13,1765.699951,4.730500221,75.00589752
19-10-2021,85.02,1770.5,4.714000225,75.23549652
20-10-2021,85.76,1784.900024,4.756000042,75.12010193
21-10-2021,84.58,1781.900024,4.586500168,74.80919647
22-10-2021,85.43,1796.300049,4.526000023,74.86540222
25-10-2021,84.85,1806.800049,4.551499844,74.99369812
26-10-2021,85.11,1793.400024,4.486499786,75.08989716
27-10-2021,84.12,1798.800049,4.387000084,74.88890076
28-10-2021,83.4,1802.599976,4.4375,75.05000305
29-10-2021,83.1,1783.900024,4.375500202,74.79720306
01-11-2021,84.51,1795.800049,4.40199995,74.92829895
02-11-2021,84.42,1789.400024,4.374000072,74.82990265
03-11-2021,81.1,1763.900024,4.326000214,74.71199799
04-11-2021,80.15,1793.5,4.326000214,74.4355011
05-11-2021,82.43,1816.800049,4.348999977,74.47810364
08-11-2021,83.22,1828,4.40500021,74.19110107
09-11-2021,84.52,1830.800049,4.380000114,73.91850281
10-11-2021,82.91,1848.300049,4.328000069,74.17479706
11-11-2021,83.4,1863.900024,4.404500008,74.4048996
12-11-2021,82.9,1868.5,4.455500126,74.32209778
15-11-2021,81.94,1866.599976,4.407000065,74.33999634
16-11-2021,82.85,1854.099976,4.358500004,74.43509674
17-11-2021,80.67,1870.199951,4.272999763,74.45860291
18-11-2021,82.45,1861.400024,4.309999943,74.25980377
19-11-2021,80.24,1851.599976,4.408500195,74.17440033
22-11-2021,80.97,1806.300049,4.395500183,74.30259705
23-11-2021,83.43,1783.800049,4.423500061,74.42980194
24-11-2021,82.37,1784.300049,4.458000183,74.4469986
25-11-2021,82.05,,,74.625
26-11-2021,72.37,1785.5,4.281499863,74.50579834
29-11-2021,73.34,1782.300049,4.336999893,74.9815979
30-11-2021,70.86,1773.599976,4.277999878,75.05490112
01-12-2021,69.53,1784.300049,4.247499943,75.05090332
02-12-2021,70.56,1762.699951,4.298999786,75.01789856
03-12-2021,70.71,1783.900024,4.266499996,74.98349762
06-12-2021,73.38,1779.5,4.336999893,75.23400116
07-12-2021,75.54,1784.699951,4.337999821,75.39129639
08-12-2021,75.94,1785.5,4.390999794,75.40859985
09-12-2021,74.1,1776.699951,4.329999924,75.38330078
10-12-2021,74.98,1784.800049,4.282999992,75.59919739
13-12-2021,74.12,1788.300049,4.28000021,75.70999908
14-12-2021,73.37,1772.300049,4.254000187,75.82689667
15-12-2021,73.71,1764.5,4.179500103,76.04720306
16-12-2021,74.64,1798.199951,4.300499916,76.21140289
17-12-2021,72.97,1804.900024,4.290999889,76.16750336
20-12-2021,70.51,1794.599976,4.288000107,76.0059967
21-12-2021,72.85,1788.699951,4.337999821,75.75869751
22-12-2021,74.69,1802.199951,4.389500141,75.68640137
23-12-2021,76.26,1811.699951,4.387000084,75.45850372
24-12-2021,75.24,,,75.06739807
27-12-2021,,1808.800049,4.465000153,75.31500244
28-12-2021,,1810.900024,4.420000076,74.9803009
29-12-2021,78.63,1805.800049,4.40199995,74.74500275
30-12-2021,78.61,1814.099976,4.384500027,74.57029724
31-12-2021,77.24,1828.599976,4.454999924,74.43119812
03-01-2022,78.25,1800.099976,4.414500237,74.51380157
04-01-2022,79.39,1814.599976,4.46600008,74.40329742
05-01-2022,80.6,1825.099976,4.404500008,74.53489685
06-01-2022,81.99,1789.199951,4.34800005,74.43009949
07-01-2022,82.28,1797.400024,4.402999878,74.41929626
10-01-2022,81.56,1798.800049,4.344500065,74.26999664
11-01-2022,84.98,1818.5,4.420499802,74.05699921
12-01-2022,85.83,1827.300049,4.56400013,73.81529999
13-01-2022,85.8,1821.400024,4.53399992,73.79910278
14-01-2022,87.17,1816.5,4.411499977,73.97229767
17-01-2022,87.82,,,74.3789978
18-01-2022,88.83,1812.400024,4.375999928,74.25509644
19-01-2022,89.64,1843.199951,4.462500095,74.61969757
20-01-2022,89.75,1842.599976,4.576499939,74.44920349
21-01-2022,89.75,1831.800049,4.512499809,74.45220184
24-01-2022,87.74,1841.699951,4.402999878,74.41320038
25-01-2022,89.49,1852.5,4.44299984,74.64479828
26-01-2022,91.22,1829.699951,4.504499912,74.77999878
27-01-2022,90.7,1793.099976,4.413000107,74.89499664
28-01-2022,91.47,1784.900024,4.302999973,75.20929718
31-01-2022,92.35,1795,4.31799984,75.03900146
01-02-2022,90.24,1801.5,4.428999901,74.55580139
02-02-2022,91.43,1810.300049,4.491000175,74.74549866
03-02-2022,92.99,1804.099976,4.466499805,74.82240295
04-02-2022,96.86,1807.800049,4.483500004,74.64389801
07-02-2022,97.28,1821.800049,4.461500168,74.64219666
08-02-2022,96.07,1827.900024,4.459499836,74.65830231
09-02-2022,94.95,1836.599976,4.600500107,74.69519806
10-02-2022,96.37,1837.400024,4.65749979,74.80889893
11-02-2022,97.5,1842.099976,4.505000114,75.53839874
14-02-2022,101.66,1869.400024,4.507500172,75.34100342
15-02-2022,98.43,1856.199951,4.531499863,75.68540192
16-02-2022,97.44,1871.5,4.540500164,75.17479706
17-02-2022,95.28,1902,4.525000095,75.04199982
18-02-2022,96.18,1899.800049,4.519499779,75.06300354
21-02-2022,98.95,,,74.68240356
22-02-2022,98.73,1907.400024,4.510000229,74.51699829
23-02-2022,99.29,1910.400024,4.481500149,74.6230011
24-02-2022,101.29,1926.300049,4.453999996,74.63300323
25-02-2022,98.56,1887.599976,4.472000122,75.40830231
28-02-2022,103.08,1900.699951,4.444499969,75.06800079
01-03-2022,110.93,1943.800049,4.586500168,75.28479767
02-03-2022,118.94,1922.300049,4.655499935,75.80120087
03-03-2022,115.36,1935.900024,4.771500111,75.6309967
04-03-2022,123.86,1966.599976,4.928999901,75.89170074
07-03-2022,129.02,1995.900024,4.722000122,76.41799927
08-03-2022,133.18,2043.300049,4.700500011,77.08080292
09-03-2022,116.58,1988.199951,4.56400013,76.91449738
10-03-2022,114.54,2000.400024,4.643499851,76.13490295
11-03-2022,118.11,1985,4.616000175,76.31030273
14-03-2022,110.39,1960.800049,4.512499809,76.75370026
15-03-2022,105.14,1929.699951,4.50150013,76.49009705
16-03-2022,104.61,1909.199951,4.587999821,76.26589966
17-03-2022,113.5,1943.199951,4.690499783,76.02420044
18-03-2022,114.32,1929.300049,4.730500221,75.9815979
21-03-2022,122.29,1929.5,4.701499939,75.9464035
22-03-2022,121.53,1921.5,4.68900013,76.30709839
23-03-2022,127.52,1937.300049,4.762499809,76.10189819
24-03-2022,123.98,1962.199951,4.729000092,76.55239868
25-03-2022,122.67,1954.199951,4.68599987,76.32350159
28-03-2022,114.5,1939.800049,4.714000225,76.27850342
29-03-2022,112.79,1912.199951,4.716499805,76.03410339
30-03-2022,115.59,1933.5,4.739500046,75.66670227
31-03-2022,107.29,1949.199951,4.743000031,75.82779694
01-04-2022,106.13,1923.699951,4.682499886,75.90920258
04-04-2022,108.15,1934,4.776500225,75.99479675
05-04-2022,106.6,1927.5,4.790999889,75.47799683
06-04-2022,100.81,1923.099976,4.733500004,75.45069885
07-04-2022,99.83,1937.800049,4.695000172,75.94509888
08-04-2022,101.26,1945.599976,4.71999979,75.91320038
11-04-2022,97.92,1948.199951,4.628499985,75.91729736
12-04-2022,104.42,1976.099976,4.703999996,75.83699799
13-04-2022,108.49,1984.699951,4.706999779,76.14980316
14-04-2022,110.83,1974.900024,4.717000008,76.12169647
15-04-2022,,,,76.30879974
18-04-2022,,1986.400024,4.796000004,76.33139801
19-04-2022,105.49,1959,4.714000225,76.28019714
20-04-2022,105.05,1955.599976,4.649499893,76.44539642
21-04-2022,107.2,1948.199951,4.703499794,76.27619934
22-04-2022,105.15,1934.300049,4.582499981,76.28520203
25-04-2022,99.27,1896,4.448999882,76.46350098
26-04-2022,102.89,1904.099976,4.440000057,76.52780151
27-04-2022,103.3,1888.699951,4.454500198,76.7940979
28-04-2022,105.78,1891.300049,4.413499832,76.47219849
29-04-2022,108.36,1911.699951,4.394999981,76.58899689
02-05-2022,,1863.599976,4.25549984,76.52310181
03-05-2022,104.94,1870.599976,4.270999908,76.52410126
04-05-2022,110.53,1868.800049,4.328499794,76.46730042
05-05-2022,112.11,1875.699951,4.284999847,76.00160217
06-05-2022,113.86,1882.800049,4.261499882,76.54180145
09-05-2022,106.67,1858.599976,4.19299984,76.95749664
10-05-2022,102.61,1841,4.154500008,77.3655014
11-05-2022,107.7,1853.699951,4.212500095,77.27140045
12-05-2022,108.06,1824.599976,4.105000019,77.41840363
13-05-2022,112.12,1808.199951,4.180500031,77.44380188
16-05-2022,114.86,1814,4.196499825,77.48629761
17-05-2022,112.89,1818.900024,4.239500046,77.80539703
18-05-2022,110.04,1815.900024,4.18200016,77.37239838
19-05-2022,113.22,1841.199951,4.284999847,77.81999969
20-05-2022,113.63,1842.099976,4.281000137,77.4210968
23-05-2022,115.13,1847.800049,4.347499847,77.81839752
24-05-2022,115.77,1865.400024,4.325500011,77.52680206
25-05-2022,116.41,1846.300049,4.27699995,77.47879791
26-05-2022,119.81,1847.599976,4.255000114,77.49729919
27-05-2022,121.19,1851.300049,4.303999901,77.63020325
30-05-2022,123.01,,,77.69200134
31-05-2022,125.53,1842.699951,4.295000076,77.52089691
01-06-2022,122.2,1848.699951,4.329999924,77.59899902
02-06-2022,,1871.400024,4.553999901,77.58409882
03-06-2022,125.68,1850.199951,4.477499962,77.36049652
06-06-2022,124.99,1843.699951,4.439499855,77.69419861
07-06-2022,126.89,1852.099976,4.439499855,77.82099915
08-06-2022,129.2,1856.5,4.458499908,77.67060089
09-06-2022,128.47,1852.800049,4.388999939,77.72429657
10-06-2022,127.44,1875.5,4.301000118,77.8187027
13-06-2022,128.44,1831.800049,4.216499805,78.17759705
14-06-2022,127.02,1813.5,4.161499977,78.16059875
15-06-2022,124.96,1819.599976,4.167500019,77.98549652
16-06-2022,125.78,1849.900024,4.111999989,77.90019989
17-06-2022,119.22,1840.599976,4.017499924,77.97769928
20-06-2022,118.25,,,77.96140289
21-06-2022,118.51,1838.800049,4.043000221,77.93399811
22-06-2022,115.54,1838.400024,3.951499939,78.13490295
23-06-2022,114.5,1829.800049,3.758500099,78.19309998
24-06-2022,117.36,1830.300049,3.75999999,78.14240265
27-06-2022,119.69,1824.800049,3.779000044,78.25229645
28-06-2022,122.21,1821.199951,3.78399992,78.44110107
29-06-2022,120.8,1817.5,3.779000044,79.07319641
30-06-2022,119.78,1807.300049,3.71449995,78.89830017
01-07-2022,119.21,1801.5,3.618999958,78.96299744
04-07-2022,121.8,,,78.95069885
05-07-2022,110.49,1763.900024,3.424999952,78.9394989
06-07-2022,108.54,1736.5,3.417999983,79.36840057
07-07-2022,113.4,1739.699951,3.582000017,79.04389954
08-07-2022,113.95,1742.300049,3.532000065,79.22160339
11-07-2022,114.85,1731.699951,3.4375,79.33139801
12-07-2022,106.98,1724.800049,3.296499968,79.47779846
13-07-2022,107.17,1735.5,3.325500011,79.47640228
14-07-2022,107.74,1705.800049,3.210500002,79.80750275
15-07-2022,112.26,1703.599976,3.234499931,79.87830353
18-07-2022,117.27,1710.199951,3.34800005,79.72049713
19-07-2022,114.96,1710.699951,3.291500092,80.03029633
20-07-2022,115.86,1700.199951,3.32949996,79.85590363
21-07-2022,112.81,1713.400024,3.302000046,80.00340271
22-07-2022,106.77,1727.400024,3.348500013,79.77590179
25-07-2022,108.23,1719.099976,3.351000071,79.87680054
26-07-2022,107.32,1717.699951,3.382499933,79.72250366
27-07-2022,109.64,1719.099976,3.429500103,79.84120178
28-07-2022,109.68,1750.300049,3.474999905,79.84739685
29-07-2022,111.51,1762.900024,3.584000111,79.57150269
01-08-2022,106.09,1787.699951,3.552000046,79.19480133
02-08-2022,106.51,1789.699951,3.524499893,78.95570374
03-08-2022,101.82,1776.400024,3.469500065,78.60449982
04-08-2022,97.99,1806.900024,3.48300004,79.11830139
05-08-2022,100.31,1791.199951,3.552999973,79.1548996
08-08-2022,103.46,1805.199951,3.587500095,79.41059875
09-08-2022,103.81,1812.300049,3.592499971,79.60189819
10-08-2022,105.06,1813.699951,3.655499935,79.57839966
11-08-2022,107.19,1807.199951,3.710500002,79.09780121
12-08-2022,103.7,1815.5,3.676000118,79.61399841
15-08-2022,98.25,1798.099976,3.628999949,79.62760162
16-08-2022,95.36,1789.699951,3.636499882,79.55290222
17-08-2022,97.22,1776.699951,3.59800005,79.14600372
18-08-2022,96.35,1771.199951,3.646500111,79.35970306
19-08-2022,96.45,1762.900024,3.683500051,79.76670074
22-08-2022,95.06,1748.400024,3.67050004,79.91790009
23-08-2022,99.49,1761.199951,3.70449996,79.88379669
24-08-2022,99.87,1761.5,3.66050005,79.85449982
25-08-2022,98.81,1771.400024,3.710500002,79.79679871
26-08-2022,101.13,1749.800049,3.711499929,79.88289642
29-08-2022,,1749.699951,3.626499891,79.95909882
30-08-2022,99.34,1736.300049,3.545000076,79.96790314
31-08-2022,96.55,1726.199951,3.51850009,79.68229675
01-09-2022,92.24,1709.300049,3.414499998,79.54879761
02-09-2022,93.09,1722.599976,3.421499968,79.71679688
05-09-2022,94.22,,,79.72450256
06-09-2022,91.43,1712.900024,3.469000101,79.78299713
07-09-2022,86.83,1727.800049,3.437999964,79.89510345
08-09-2022,87.99,1720.199951,3.536000013,79.64980316
09-09-2022,91.68,1728.599976,3.58100009,79.70629883
12-09-2022,93.45,1740.599976,3.625499964,79.65579987
13-09-2022,92.04,1717.400024,3.58100009,79.3553009
14-09-2022,92.83,1709.099976,3.54550004,79.60240173
15-09-2022,89.28,1677.300049,3.523499966,79.4536972
16-09-2022,89.43,1683.5,3.561000109,79.84909821
19-09-2022,,1678.199951,3.557499886,79.6894989
20-09-2022,89.62,1671.099976,3.548000097,79.70749664
21-09-2022,89.86,1675.699951,3.512000084,79.76270294
22-09-2022,90.4,1681.099976,3.498500109,80.05069733
23-09-2022,84.29,1655.599976,3.371500015,81.06220245
26-09-2022,82.55,1633.400024,3.313499928,81.25479889
27-09-2022,85.97,1636.199951,3.322999954,81.61579895
28-09-2022,89.55,1670,3.381999969,81.72460175
29-09-2022,89.41,1668.599976,3.440000057,81.42870331
30-09-2022,88.9,1672,3.441999912,81.48059845
03-10-2022,90.68,1702,3.457999945,81.52130127
04-10-2022,93.74,1730.5,3.517999887,81.49500275
05-10-2022,94.35,1720.800049,3.532500029,81.46549988
06-10-2022,95.65,1720.800049,3.474999905,81.64880371
07-10-2022,98.88,1709.300049,3.412499905,82.34899902
10-10-2022,97.13,1675.199951,3.453500032,82.83229828
11-10-2022,95.17,1686,3.477999926,82.42070007
12-10-2022,93.44,1677.5,3.444499969,82.27390289
13-10-2022,95.16,1677,3.467499971,82.19999695
14-10-2022,92.22,1648.900024,3.450500011,82.19210052
17-10-2022,91.04,1664,3.455499887,82.41280365
18-10-2022,89.46,1655.800049,3.406500101,82.19470215
19-10-2022,91.34,1634.199951,3.360500097,82.28639984
20-10-2022,91.52,1636.800049,3.450999975,82.99700165
21-10-2022,91.82,1656.300049,3.523000002,82.82569885
24-10-2022,91.57,1654.099976,3.479500055,82.54129791
25-10-2022,91.76,1658,3.450500011,82.7614975
26-10-2022,92.93,1669.199951,3.629499912,82.44529724
27-10-2022,94.17,1665.599976,3.625499964,82.04959869
28-10-2022,94.64,1644.800049,3.46600008,82.44249725
31-10-2022,93.3,1640.699951,3.413500071,82.23919678
01-11-2022,95.12,1649.699951,3.509500027,82.72899628
02-11-2022,96.07,1650,3.505500078,82.68450165
03-11-2022,95.29,1630.900024,3.456500053,82.88839722
04-11-2022,99.53,1676.599976,3.71449995,82.68180084
07-11-2022,99.87,1680.5,3.629499912,81.97499847
08-11-2022,96.85,1716,3.705499887,81.8259964
09-11-2022,93.05,1713.699951,3.741499901,81.40519714
10-11-2022,94.25,1753.699951,3.796000004,81.34380341
11-11-2022,96.37,1769.400024,3.950999975,80.48290253
14-11-2022,93.59,1776.900024,3.855000019,80.49700165
15-11-2022,94.3,1776.800049,3.83949995,80.99199677
16-11-2022,92.61,1775.800049,3.788000107,81.0714035
17-11-2022,91,1763,3.689500093,81.49530029
18-11-2022,88.93,1754.400024,3.631999969,81.52490234
21-11-2022,88.44,1739.599976,3.571500063,81.51989746
22-11-2022,88.65,1739.900024,3.614500046,81.72769928
23-11-2022,85.9,1745.599976,3.617500067,81.71499634
24-11-2022,85.59,,,81.63289642
25-11-2022,83.4,1754,3.626499891,81.65540314
28-11-2022,83.5,1740.300049,3.610500097,81.66970062
29-11-2022,83.22,1748.400024,3.630000114,81.65029907
30-11-2022,85.61,1746,3.729500055,81.63089752
01-12-2022,86.28,1815.199951,3.813999891,81.30529785
02-12-2022,86.54,1809.599976,3.84800005,81.16220093
05-12-2022,83.36,1781.300049,3.789499998,81.42250061
06-12-2022,79.92,1782.400024,3.811500072,81.89900208
07-12-2022,77.11,1798,3.855499983,82.37220001
08-12-2022,76.02,1801.5,3.880500078,82.25350189
09-12-2022,76.37,1810.699951,3.875999928,82.27919769
12-12-2022,78,1792.300049,3.798500061,82.41300201
13-12-2022,80.14,1825.5,3.83949995,82.6446991
14-12-2022,83.33,1818.699951,3.875,82.40249634
15-12-2022,82.34,1787.800049,3.763000011,82.50800323
16-12-2022,80.2,1800.199951,3.761499882,82.85790253
19-12-2022,81.66,1797.699951,3.782999992,82.72599792
20-12-2022,79.45,1825.400024,3.797499895,82.58190155
21-12-2022,80.25,1825.400024,3.805999994,82.63690186
22-12-2022,79.58,1795.300049,3.751499891,82.87860107
23-12-2022,82.45,1804.199951,3.802999973,82.87490082
26-12-2022,,,,82.60410309
27-12-2022,,1823.099976,3.833499908,82.9029007
28-12-2022,81.7,1815.800049,3.832000017,82.77610016
29-12-2022,80.96,1826,3.821000099,82.85199738
30-12-2022,82.82,1826.199951,3.805500031,82.83509827
02-01-2023,,,,82.74980164
03-01-2023,80.36,1846.099976,3.766000032,82.70600128
04-01-2023,75.31,1859,3.739500046,82.78569794
05-01-2023,76.73,1840.599976,3.818000078,82.66649628
06-01-2023,76.41,1869.699951,3.908499956,82.64520264
09-01-2023,77.5,1877.800049,4.018499851,82.27339935
10-01-2023,78.4,1876.5,4.066999912,82.18009949
11-01-2023,81.11,1878.900024,4.154500008,81.63739777
12-01-2023,82.59,1898.800049,4.18599987,81.63179779
13-01-2023,83.43,1921.699951,4.207499981,81.11560059
16-01-2023,82.65,,,81.27799988
17-01-2023,84.38,1909.900024,4.215000153,81.65260315
18-01-2023,83.78,1907,4.228499889,81.52549744
19-01-2023,85.08,1923.900024,4.226500034,81.43599701
20-01-2023,86.96,1928.199951,4.24849987,81.2397995
23-01-2023,87.54,1928.599976,4.254000187,80.97599792
24-01-2023,85.25,1935.400024,4.245500088,81.48799896
25-01-2023,85.08,1942.599976,4.239999771,81.60189819
26-01-2023,86.29,1930,4.267000198,81.50270081
27-01-2023,85.36,1929.400024,4.223999977,81.44509888
30-01-2023,84.9,1922.900024,4.203499794,81.50800323
31-01-2023,83.42,1929.5,4.228499889,81.57990265
01-02-2023,81.61,1942.800049,4.111000061,81.7684021
02-02-2023,80.57,1930.800049,4.093999863,81.71029663
03-02-2023,78.85,1876.599976,4.063000202,82.04589844
06-02-2023,80.48,1879.5,4.043499947,82.22599792
07-02-2023,82.92,1884.800049,4.088500023,82.75499725
08-02-2023,84.17,1890.699951,4.043499947,82.74189758
09-02-2023,83.46,1878.5,4.105500221,82.65950012
10-02-2023,85.46,1874.5,4.027500153,82.53320313
13-02-2023,85.98,1863.5,4.086999893,82.51300049
14-02-2023,84.96,1865.400024,4.110000134,82.59739685
15-02-2023,84.11,1845.300049,4.052000046,82.86759949
16-02-2023,83.84,1851.800049,4.165500164,82.73770142
17-02-2023,81.97,1850.199951,4.113999844,82.69529724
20-02-2023,82.79,,,82.75800323
21-02-2023,82.14,1842.5,4.234499931,82.69750214
22-02-2023,79.55,1841.5,4.202499866,82.86119843
23-02-2023,82.08,1826.800049,4.072999954,82.83529663
24-02-2023,82.31,1817.099976,3.954999924,82.61789703
27-02-2023,81.24,1824.900024,4.008999825,82.91799927
28-02-2023,83.21,1836.699951,4.097499847,82.65200043
01-03-2023,83.68,1845.400024,4.168000221,82.63539886
02-03-2023,84.15,1840.5,4.084000111,82.41989899
03-03-2023,85.74,1854.599976,4.078000069,82.35569763
06-03-2023,85.86,1854.599976,4.100500107,81.71250153
07-03-2023,83.03,1820,3.986500025,81.85440063
08-03-2023,82.1,1818.599976,4.041500092,82.07460022
09-03-2023,81,1834.599976,4.054500103,81.96450043
10-03-2023,82.3,1867.199951,4.045499802,82.0184021
13-03-2023,79.67,1916.5,4.069499969,81.95800018
14-03-2023,76.77,1910.900024,4.010499954,82.41739655
15-03-2023,74.3,1931.300049,3.85649991,82.30490112
16-03-2023,73.12,1923,3.885499954,82.71569824
17-03-2023,71.03,1973.5,3.913500071,82.62280273
20-03-2023,72.42,1982.800049,3.975500107,82.53299713
21-03-2023,74.78,1941.099976,4.018499851,82.52909851
22-03-2023,76.08,1949.599976,4.068500042,82.67700195
23-03-2023,74.31,1995.900024,4.145999908,82.52580261
24-03-2023,73.63,1983.800049,4.101500034,82.26529694
27-03-2023,76.8,1953.800049,4.104499817,82.33879852
28-03-2023,78.07,1973.5,4.111999989,82.21489716
29-03-2023,77.51,1966.900024,4.114999771,82.16429901
30-03-2023,78.45,1980.300049,4.090499878,82.25540161
31-03-2023,79.19,1969,4.104499817,82.10050201
03-04-2023,85.81,2000.400024,4.059500217,82.18479919
04-04-2023,85.7,2038.199951,3.983500004,82.14089966
05-04-2023,85.89,2035.599976,3.997999907,82.1147995
06-04-2023,86.56,2026.400024,4.026000023,81.94999695
07-04-2023,,,,81.83129883
10-04-2023,,2003.800049,3.986500025,81.88480377
11-04-2023,87.32,2019,4.024499893,81.98390198
12-04-2023,88.31,2024.900024,4.084499836,82.07009888
13-04-2023,86.51,2055.300049,4.124000072,81.96060181
14-04-2023,87.31,2015.800049,4.107500076,81.68070221
17-04-2023,85.63,2007,4.065999985,81.84480286
18-04-2023,85.48,2019.699951,4.08949995,82.00370026
19-04-2023,85.34,2007.300049,4.072000027,82.10790253
20-04-2023,83.29,2019.099976,4.021999836,82.34010315
21-04-2023,83.36,1990.5,3.980000019,82.14089966
24-04-2023,84.23,1999.800049,3.953000069,82.05480194
25-04-2023,82.13,2004.5,3.845999956,81.85230255
26-04-2023,79.19,1996,3.849999905,81.99160004
27-04-2023,80.11,1999,3.864500046,81.76689911
28-04-2023,81.32,1999.099976,3.869999886,81.76509857
01-05-2023,,1992.199951,3.917000055,81.74479675
02-05-2023,76.71,2023.300049,3.84800005,81.77469635
03-05-2023,72.91,2037,3.831500053,81.77870178
04-05-2023,73,2055.699951,3.849999905,81.77999878
05-05-2023,75.85,2024.800049,3.871500015,81.7161026
08-05-2023,,2033.199951,3.917999983,81.72979736
09-05-2023,77.76,2042.900024,3.888999939,81.78710175
10-05-2023,76.7,2037.099976,3.828000069,82.10500336
11-05-2023,75.32,2020.5,3.69749999,81.91989899
12-05-2023,74.54,2019.800049,3.716500044,82.10030365
15-05-2023,75.46,2022.699951,3.737499952,82.20030212
16-05-2023,75.15,1993,3.654500008,82.26670074
17-05-2023,76.98,1984.900024,3.743000031,82.29599762
18-05-2023,75.75,1959.800049,3.681499958,82.45030212
19-05-2023,75.42,1981.599976,3.722500086,82.72509766
22-05-2023,75.77,1977.199951,3.674000025,82.90480042
23-05-2023,76.66,1974.5,3.641499996,82.82499695
24-05-2023,77.99,1964.599976,3.553499937,82.89060211
25-05-2023,75.66,1943.699951,3.580499887,82.71369934
26-05-2023,76.33,1944.300049,3.673500061,82.74210358
29-05-2023,,,,82.57479858
30-05-2023,73.38,1958,3.657999992,82.57969666
31-05-2023,71.98,1963.900024,3.631000042,82.68389893
01-06-2023,74.18,1995.5,3.706500053,82.66680145
02-06-2023,76,1969.599976,3.722500086,82.27670288
05-06-2023,76.61,1974.300049,3.762500048,82.40979767
06-06-2023,76.22,1981.5,3.76699996,82.51119995
07-06-2023,76.85,1958.400024,3.754499912,82.51719666
08-06-2023,75.88,1978.599976,3.796499968,82.61810303
09-06-2023,74.74,1977.199951,3.789000034,82.48829651
12-06-2023,71.8,1969.699951,3.750499964,82.44480133
13-06-2023,74.24,1958.599976,3.828500032,82.33719635
14-06-2023,73.39,1968.900024,3.865999937,82.29039764
15-06-2023,75.75,1970.699951,3.896500111,82.04499817
16-06-2023,76.76,1971.199951,3.884500027,81.91269684
19-06-2023,76.09,,,81.91480255
20-06-2023,75.79,1947.699951,3.878499985,81.98139954
21-06-2023,76.92,1944.900024,3.911000013,81.9917984
22-06-2023,73.93,1923.699951,3.888499975,81.9414978
23-06-2023,73.56,1929.599976,3.805999994,81.91929626
26-06-2023,73.86,1933.800049,3.786499977,81.98480225
27-06-2023,71.88,1923.800049,3.781500101,82.00650024
28-06-2023,73.64,1922.199951,3.720499992,81.99839783
29-06-2023,73.86,1917.900024,3.67750001,82.02649689
30-06-2023,74.51,1929.400024,3.740999937,82.07540131
03-07-2023,74.52,1929.5,3.779000044,82.09629822
04-07-2023,76.23,,,81.95010376
05-07-2023,76.74,1927.099976,3.753499985,82.00710297
06-07-2023,76.72,1915.400024,3.720000029,82.39409637
07-07-2023,78.77,1932.5,3.76699996,82.7684021
10-07-2023,77.83,1931,3.771500111,82.61530304
11-07-2023,79.54,1937.099976,3.753499985,82.52529907
12-07-2023,80.35,1961.699951,3.842000008,82.39990234
13-07-2023,81.31,1963.800049,3.929500103,82.00180054
14-07-2023,79.9,1964.400024,3.921999931,82.03079987
17-07-2023,77.8,1956.400024,3.832000017,82.07679749
18-07-2023,79.54,1980.800049,3.815999985,82.06159973
19-07-2023,79.38,1980.800049,3.799499989,82.07540131
20-07-2023,79.62,1970.900024,3.817500114,82.06169891
21-07-2023,81.06,1966.599976,3.802999973,82.08239746
24-07-2023,82.53,1962.199951,3.840500116,81.99030304
25-07-2023,83.46,1963.699951,3.90199995,81.81420135
26-07-2023,82.98,1970.099976,3.890500069,81.95010376
27-07-2023,84.28,1945.699951,3.863500118,81.97550201
28-07-2023,84.49,1960.400024,3.917000055,82.37490082
31-07-2023,85.22,1970.5,3.994499922,82.25279999
01-08-2023,85.34,1978.800049,3.89350009,82.23329926
02-08-2023,84.01,1975,3.827500105,82.30729675
03-08-2023,86.19,1968.800049,3.875999928,82.73329926
04-08-2023,87.38,1976.099976,3.845000029,82.78430176
07-08-2023,86.47,1970,3.812999964,82.69529724
08-08-2023,88,1959.900024,3.747999907,82.74829865
09-08-2023,89.31,1950.599976,3.767499924,82.84500122
10-08-2023,87.44,1948.900024,3.750999928,82.86630249
11-08-2023,87.93,1946.599976,3.71449995,82.79989624
14-08-2023,87.4,1944,3.724499941,82.89730072
15-08-2023,86.28,1935.199951,3.661499977,83.23339844
16-08-2023,84.49,1928.300049,3.651499987,83.19419861
17-08-2023,85.24,1915.199951,3.685499907,83.23699951
18-08-2023,85.92,1916.5,3.698999882,83.09829712
21-08-2023,85.44,1923,3.711999893,83.16729736
22-08-2023,84.7,1926,3.750499964,83.1135025
23-08-2023,83.94,1948.099976,3.803499937,83.07330322
24-08-2023,84.07,1947.099976,3.767499924,82.54470062
25-08-2023,85.42,1939.900024,3.75999999,82.6414032
28-08-2023,,1946.800049,3.753999949,82.66429901
29-08-2023,86.37,1965.099976,3.792999983,82.6914978
30-08-2023,86.62,1973,3.785000086,82.49469757
31-08-2023,87.29,1965.900024,3.772500038,82.70040131
01-09-2023,89.98,1967.099976,3.8125,82.68240356
04-09-2023,90.42,,,82.6969986
05-09-2023,91.25,1952.599976,3.811000109,82.73459625
06-09-2023,91.79,1944.199951,3.748500109,83.08609772
07-09-2023,91.16,1942.5,3.726000071,83.25740051
08-09-2023,91.85,1942.699951,3.680500031,83.24150085
11-09-2023,91.97,1947.199951,3.769999981,83.03130341
12-09-2023,93.58,1935.099976,3.752000093,82.94329834
13-09-2023,93.04,1932.5,3.756000042,82.84300232
14-09-2023,95.2,1932.800049,3.782500029,82.9367981
15-09-2023,95.55,1946.199951,3.763499975,83.02829742
18-09-2023,95.95,1953.400024,3.741499901,83.08580017
19-09-2023,96.11,1953.699951,3.713999987,83.25489807
20-09-2023,94.56,1967.099976,3.746500015,83.19499969
21-09-2023,93.7,1939.599976,3.666500092,83.08699799
22-09-2023,93.99,1945.599976,3.665499926,82.89129639
25-09-2023,94.01,1936.599976,3.649499893,82.97480011
26-09-2023,94.46,1919.800049,3.625,83.02829742
27-09-2023,97.1,1890.900024,3.627000093,83.29869843
28-09-2023,96.64,1878.599976,3.694499969,83.22270203
29-09-2023,95.86,1866.099976,3.726000071,83.19300079
02-10-2023,91.21,1847.199951,3.631999969,83.03479767
03-10-2023,94.46,1841.5,3.615499973,83.35939789
04-10-2023,89.83,1834.800049,3.584000111,83.22979736
05-10-2023,88.28,1831.800049,3.546999931,83.44979858
06-10-2023,87.86,1845.199951,3.624500036,83.22489929
09-10-2023,91.37,1864.300049,3.642499924,83.12460327
10-10-2023,90.7,1875.300049,3.631999969,83.27030182
11-10-2023,87.58,1887.300049,3.614000082,83.25029755
12-10-2023,88.4,1883,3.594000101,83.21800232
13-10-2023,94.33,1941.5,3.579999924,83.26239777
16-10-2023,90.99,1934.300049,3.586999893,83.28230286
17-10-2023,92.52,1935.699951,3.575500011,83.19950104
18-10-2023,91.99,1968.300049,3.582000017,83.26429749
19-10-2023,93.12,1980.5,3.591500044,83.26860046
20-10-2023,93.72,1994.400024,3.542000055,83.12229919
23-10-2023,91.88,1987.800049,3.572999954,83.15979767
24-10-2023,88,1986.099976,3.609999895,83.02940369
25-10-2023,90.14,1994.900024,3.572000027,82.9878006
26-10-2023,88.45,1997.400024,3.568500042,83.17099762
27-10-2023,90.73,1998.5,3.634000063,83.28250122
30-10-2023,90.73,2005.599976,3.649499893,83.41339874
31-10-2023,86.82,1994.300049,3.641499996,83.29650116
01-11-2023,86.92,1987.5,3.644999981,83.27719879
02-11-2023,89.02,1993.5,3.667000055,85.19400024
03-11-2023,87.55,1999.199951,3.674499989,83.24729919
06-11-2023,87.31,1988.599976,3.709500074,83.15850067
07-11-2023,83.43,1973.5,3.670000076,83.22280121
08-11-2023,81.46,1957.800049,3.628000021,83.23269653
09-11-2023,81.74,1969.800049,3.63499999,83.21769714
10-11-2023,83.66,1937.699951,3.583499908,83.31939697
13-11-2023,84.09,1950.199951,3.662499905,83.29889679
14-11-2023,84.2,1966.5,3.682499886,83.19760132
15-11-2023,82.4,1964.300049,3.717499971,82.9815979
16-11-2023,77.73,1987.300049,3.70449996,83.186203
17-11-2023,81.22,1984.699951,3.737499952,83.12030029
20-11-2023,83.25,1980.300049,3.8125,83.29149628
21-11-2023,82.42,2001.599976,3.814500093,83.32219696
22-11-2023,81.76,1992.800049,3.766499996,83.34570313
23-11-2023,80.85,1993.300049,3.779000044,83.5483017
24-11-2023,79.82,2003,3.796499968,83.34400177
27-11-2023,79.49,2012.400024,3.762500048,83.3144989
28-11-2023,81.66,2040,3.801000118,83.36450195
29-11-2023,82.98,2047.099976,3.786000013,83.41809845
30-11-2023,81.72,2038.099976,3.828999996,83.33029938
01-12-2023,78.72,2089.699951,3.90899992,83.35269928
04-12-2023,78.16,2042.199951,3.820499897,83.21859741
05-12-2023,77.27,2036.300049,3.772500038,83.417099
06-12-2023,74.33,2047.900024,3.716500044,83.31590271
07-12-2023,74.21,2046.400024,3.784499884,83.28959656
08-12-2023,75.94,2014.5,3.819999933,83.35489655
11-12-2023,75.75,1993.699951,3.779999971,83.43009949
12-12-2023,74.11,1993.199951,3.786000013,83.34349823
13-12-2023,74.14,1997.300049,3.786000013,83.39600372
14-12-2023,77.05,2044.900024,3.888499975,83.28530121
15-12-2023,76.84,2035.699951,3.88499999,83.29660034
18-12-2023,78.89,2040.5,3.84800005,83.04170227
19-12-2023,79.82,2052.100098,3.895999908,83.11119843
20-12-2023,81.1,2047.699951,3.901499987,83.09159851
21-12-2023,80.73,2051.300049,3.908499956,83.26719666
22-12-2023,80.23,2069.100098,3.895499945,83.13159943
25-12-2023,,,,83.16500092
26-12-2023,,2069.800049,3.895499945,83.17230225
27-12-2023,80.97,2093.100098,3.943500042,83.18280029
28-12-2023,79.04,2083.5,3.913000107,83.26719666
29-12-2023,77.69,2071.800049,3.880500078,82.30200195
01-01-2024,,,,83.24859619
02-01-2024,76.24,2073.399902,3.868999958,83.20259857
03-01-2024,77.18,2042.800049,3.847500086,83.25700378
04-01-2024,75.79,2050,3.83100009,83.31809998
05-01-2024,78.31,2049.800049,3.794500113,83.24060059
08-01-2024,75.47,2033.5,3.799499989,83.19110107
09-01-2024,77.97,2033,3.748500109,83.05069733
10-01-2024,78.46,2027.800049,3.780999899,83.13110352
11-01-2024,80.21,2019.199951,3.776499987,83.02559662
12-01-2024,79.89,2051.600098,3.74000001,83.07610321
15-01-2024,79.76,,,82.87210083
16-01-2024,80.15,2030.199951,3.766499996,82.85939789
17-01-2024,78.88,2006.5,3.732500076,83.08899689
18-01-2024,81.04,2021.599976,3.744999886,83.17759705
19-01-2024,80.71,2029.300049,3.786999941,83.16059875
22-01-2024,81.7,2022.199951,3.763999939,83.12470245
23-01-2024,82.04,2025.800049,3.790499926,83.0951004
24-01-2024,82.15,2016,3.882499933,83.2213974
25-01-2024,82.33,2017.800049,3.865499973,83.09760284
26-01-2024,83.34,2017.300049,3.850500107,83.14610291
29-01-2024,83.99,2025.400024,3.872999907,83.12129974
30-01-2024,84.14,2031.5,3.906500101,83.15309906
31-01-2024,82.98,2048.399902,3.902499914,83.10970306
01-02-2024,82.2,2071.100098,3.852499962,83.0535965
02-02-2024,79.54,2053.699951,3.821500063,82.92759705
05-02-2024,79.3,2042.900024,3.772000074,82.9992981
06-02-2024,80.46,2051.399902,3.782500029,83.10369873
07-02-2024,81.18,2051.699951,3.737499952,83.07060242
08-02-2024,83.01,2047.900024,3.705499887,83.01260376
09-02-2024,83.58,2038.699951,3.686000109,82.98529816
12-02-2024,83.88,2033,3.728499889,83.01450348
13-02-2024,84.72,2007.199951,3.713999987,82.99019623
14-02-2024,84.41,2004.300049,3.700500011,83.07460022
15-02-2024,84.33,2014.900024,3.756500006,83.04309845
16-02-2024,84.88,2024.099976,3.838000059,83.00959778
19-02-2024,85.52,,,83.01599884
20-02-2024,84.78,2039.800049,3.866499901,83.02100372
21-02-2024,84.77,2034.300049,3.874500036,82.82910156
22-02-2024,85.84,2030.699951,3.897500038,82.93840027
23-02-2024,84.18,2049.399902,3.881999969,82.87229919
26-02-2024,84.01,2038.900024,3.823999882,82.88179779
27-02-2024,83.8,2044.099976,3.83100009,82.85199738
28-02-2024,84.08,2042.699951,3.827500105,82.94819641
29-02-2024,84.57,2054.699951,3.834500074,82.91190338
01-03-2024,84.82,2095.699951,3.855000019,82.91040039
04-03-2024,86.58,2126.300049,3.851999998,82.84609985
05-03-2024,85.82,2141.899902,3.844000101,82.91049957
06-03-2024,86.59,2158.199951,3.870500088,82.88480377
07-03-2024,84.88,2165.199951,3.919500113,82.81909943
08-03-2024,84.29,2185.5,3.88499999,82.75229645
11-03-2024,83.44,2188.600098,3.922499895,82.75209808
12-03-2024,83.66,2166.100098,3.924999952,82.77829742
13-03-2024,83.95,2180.800049,4.052499771,82.83509827
14-03-2024,86.16,2167.5,4.037000179,82.83110046
15-03-2024,85.39,2161.5,4.112500191,82.96559906
18-03-2024,86.47,2164.300049,4.114500046,82.88890076
19-03-2024,87.36,2159.699951,4.058499813,82.86360168
20-03-2024,85.77,2161,4.038499832,83.04239655
21-03-2024,84.92,2184.699951,4.046500206,83.05460358
22-03-2024,84.87,2160,3.996000051,83.22660065
25-03-2024,86.18,2176.399902,4.006999969,83.59359741
26-03-2024,85.91,2177.199951,3.996000051,83.41739655
27-03-2024,84.94,2190.600098,3.992500067,83.34549713
28-03-2024,86.17,2217.399902,4.003499985,83.36499786
29-03-2024,,,,83.39299774
01-04-2024,,2257.100098,4.046000004,83.3647995
02-04-2024,87.63,2281.800049,4.070000172,83.40969849
03-04-2024,90.6,2315,4.19299984,83.35030365
04-04-2024,90.32,2308.5,4.246500015,83.37329865
05-04-2024,92.81,2345.399902,4.239500046,83.47779846
08-04-2024,91.73,2351,4.27699995,83.29679871
09-04-2024,92.13,2362.399902,4.285999775,83.26959991
10-04-2024,91.57,2348.399902,4.282000065,83.22429657
11-04-2024,91.49,2372.699951,4.251999855,83.41269684
12-04-2024,93.12,2374.100098,4.257500172,83.34929657
15-04-2024,90.84,2383,4.379000187,83.61109924
16-04-2024,91.29,2407.800049,4.305500031,83.5059967
17-04-2024,89.54,2388.399902,4.34250021,83.66750336
18-04-2024,88.34,2398,4.440499783,83.59580231
19-04-2024,87.96,2413.800049,4.501999855,83.54499817
22-04-2024,87.3,2346.399902,4.500500202,83.38529968
23-04-2024,88.29,2342.100098,4.490499973,83.38619995
24-04-2024,89.02,2338.399902,4.467000008,83.28330231
25-04-2024,88.1,2342.5,4.570499897,83.34059906
26-04-2024,89.95,2347.199951,4.568999767,83.30180359
29-04-2024,88.44,2357.699951,4.65899992,83.40229797
30-04-2024,88.23,2302.899902,4.564499855,83.45110321
01-05-2024,83.55,2311,4.552499771,83.49839783
02-05-2024,84.81,2309.600098,4.493999958,83.40640259
03-05-2024,83.6,2308.600098,4.573500156,83.40630341
06-05-2024,,2331.199951,4.634500027,83.37999725
07-05-2024,82.69,2324.199951,4.625500202,83.47280121
08-05-2024,82.44,2322.300049,4.561999798,83.46990204
09-05-2024,83.27,2340.300049,4.607500076,83.46430206
10-05-2024,83.39,2375,4.693500042,83.45939636
13-05-2024,83.18,2343,4.804500103,83.52480316
14-05-2024,81,2359.899902,4.953499794,83.50550079
15-05-2024,79.98,2394.899902,4.969500065,83.52420044
16-05-2024,81.65,2385.5,4.892000198,83.40509796
17-05-2024,82.24,2417.399902,5.05700016,83.4701004
20-05-2024,81.91,2438.5,5.087500095,83.30039978
21-05-2024,81.22,2425.899902,5.118999958,83.31500244
22-05-2024,79.9,2392.899902,4.867499828,83.31680298
23-05-2024,79.25,2337.199951,4.816500187,83.26709747
24-05-2024,78.92,2334.5,4.77850008,83.28639984
27-05-2024,,,,83.05220032
28-05-2024,81.34,2356.5,4.875500202,83.14569855
29-05-2024,81.5,2341.199951,4.805500031,83.20649719
30-05-2024,81.42,2342.899902,4.671999931,83.36560059
31-05-2024,79.41,2322.899902,4.610000134,83.32089996
03-06-2024,76.45,2369.300049,4.677000046,83.45079803
04-06-2024,75.33,2347.399902,4.547999859,83.09339905
05-06-2024,75.41,2375.5,4.61950016,83.62940216
06-06-2024,77.62,2390.899902,4.690999985,83.38079834
07-06-2024,78.12,2325,4.49450016,83.47309875
10-06-2024,79.59,2327,4.556499958,83.52760315
11-06-2024,80.15,2326.600098,4.522999763,83.52980042
12-06-2024,80.52,2354.800049,4.581500053,83.59680176
13-06-2024,81.44,2318,4.507500172,83.53430176
14-06-2024,81.49,2349.100098,4.551000118,83.52210236
17-06-2024,82.45,2329,4.521500111,83.55180359
18-06-2024,84.79,2346.899902,4.561999798,83.51010132
19-06-2024,85.64,,,83.37409973
20-06-2024,85.92,2369,4.618000031,83.41950226
21-06-2024,86.42,2331.199951,4.493999958,83.60160065
24-06-2024,86.75,2344.399902,4.52699995,83.5625
25-06-2024,86.81,2330.800049,4.381000042,83.46040344
26-06-2024,85.76,2313.199951,4.367499828,83.41459656
27-06-2024,87,2336.600098,4.328499794,83.58039856
28-06-2024,87.26,2339.600098,4.390500069,83.45089722
01-07-2024,86.57,2338.899902,4.426499844,83.36750031
02-07-2024,88.28,2333.399902,4.429500103,83.44129944
03-07-2024,88.25,2369.399902,4.540999889,83.47910309
04-07-2024,88.34,,,83.49120331
05-07-2024,88.66,2397.699951,4.658500195,83.49340057
08-07-2024,87.15,2363.5,4.622000217,83.4720993
09-07-2024,86.48,2367.899902,4.578000069,83.45760345
10-07-2024,86.55,2379.699951,4.607500076,83.49299622
11-07-2024,86.49,2421.899902,4.508500099,83.49590302
12-07-2024,87.35,2420.699951,4.598499775,83.51850128
15-07-2024,86.42,2428.899902,4.528999805,83.52030182
16-07-2024,86.6,2467.800049,4.443999767,83.58760071
17-07-2024,85.76,2459.899902,4.399000168,83.52960205
18-07-2024,86.26,2456.399902,4.265999794,83.57209778
19-07-2024,85.19,2399.100098,4.218999863,83.67430115
22-07-2024,83.44,2394.699951,4.180500031,83.7303009
23-07-2024,82.2,2407.300049,4.145999908,83.6713028
24-07-2024,83.01,2415.699951,4.098999977,83.70680237
25-07-2024,82.58,2353.5,4.112500191,83.74299622
26-07-2024,81.35,2381,4.104499817,83.73760223
29-07-2024,80.94,2377.800049,4.061999798,83.72779846
30-07-2024,79.26,2405,4.063000202,83.75050354
31-07-2024,81.39,2426.5,4.159999847,83.73899841
01-08-2024,81.37,2480.800049,4.066500187,83.71779633
02-08-2024,78.35,2469.800049,4.084000111,83.74389648
05-08-2024,77.51,2444.399902,3.983999968,83.73529816
06-08-2024,76.62,2431.600098,4.011499882,84.00260162
07-08-2024,78.26,2432.399902,3.9375,83.93489838
08-08-2024,80.76,2463.300049,3.944999933,83.94239807
09-08-2024,81.07,2473.399902,3.980000019,83.98899841
12-08-2024,83.06,2504,4.054999828,83.94979858
13-08-2024,82.51,2507.800049,4.035999775,83.88999939
14-08-2024,82.15,2479.699951,4.025000095,83.88200378
15-08-2024,83.09,2492.399902,4.138999939,83.97149658
16-08-2024,81.56,2537.800049,4.127500057,83.94830322
19-08-2024,81.09,2541.300049,4.166500092,83.88980103
20-08-2024,78.85,2550.600098,4.149499893,83.87860107
21-08-2024,78.77,2547.5,4.181499958,83.77940369
22-08-2024,78.8,2516.699951,4.140999794,83.88860321
23-08-2024,80.34,2546.300049,4.194499969,83.94059753
26-08-2024,,2555.199951,4.211500168,83.813797
27-08-2024,81.51,2552.899902,4.230500221,83.88369751
28-08-2024,80.04,2537.800049,4.144999981,83.92160034
29-08-2024,81.55,2560.300049,4.147500038,83.9414978
30-08-2024,80.2,2527.600098,4.144999981,83.89510345
02-09-2024,77.82,,,83.86380005
03-09-2024,76.46,2523,4.032000065,83.9272995
04-09-2024,74.67,2526,4.019499779,83.95030212
05-09-2024,74.47,2543.100098,4.077499866,83.98249817
06-09-2024,72.82,2524.600098,4.014500141,83.9835968
09-09-2024,72.37,2532.699951,4.084499836,83.98259735
10-09-2024,70.34,2543.100098,4.040500164,83.98090363
11-09-2024,70.31,2542.399902,4.083000183,83.98200226
12-09-2024,73.81,2580.600098,4.132999897,83.99259949
13-09-2024,73.68,2610.699951,4.175000191,83.93479919
16-09-2024,73.96,2608.899902,4.212999821,83.88480377
17-09-2024,74.55,2592.399902,4.213500023,83.88400269
18-09-2024,74.52,2598.600098,4.237999916,83.77059937
19-09-2024,75.93,2614.600098,4.285999775,83.6917038
20-09-2024,75.96,2646.199951,4.281499863,83.61470032
23-09-2024,74.95,2652.5,4.289000034,83.48709869
24-09-2024,75.29,2677,4.429500103,83.55960083
25-09-2024,75.4,2684.699951,4.427999973,83.56759644
26-09-2024,73.06,2694.899902,4.580999851,83.62409973
27-09-2024,71.63,2668.100098,4.540999889,83.61710358
30-09-2024,72.35,2659.399902,4.495999813,83.71640015
01-10-2024,75.3,2690.300049,4.53550005,83.82730103
02-10-2024,74.86,2669.699951,4.596000195,83.87210083
03-10-2024,77.57,2679.199951,4.501999855,83.91960144
04-10-2024,79.32,2667.800049,4.522500038,84.00939941
07-10-2024,81.74,2666,4.519000053,84.02780151
08-10-2024,78.19,2635.399902,4.412000179,83.9641037
09-10-2024,77.06,2626,4.355000019,83.91459656
10-10-2024,79.45,2639.300049,4.385000229,83.94219971
11-10-2024,80.27,2676.300049,4.451499939,83.94599915
14-10-2024,78.47,2665.600098,4.363500118,84.16829681
15-10-2024,73.68,2678.899902,4.300499916,84.04850006
16-10-2024,73.65,2691.300049,4.331500053,84.05619812
17-10-2024,74.37,2707.5,4.286499977,84.03929901
18-10-2024,72.75,2730,4.346000195,84.05380249
21-10-2024,73.29,2738.899902,4.322999954,84.0687027
22-10-2024,75.59,2759.800049,4.34800005,84.07350159
23-10-2024,74.68,2729.399902,4.304500103,84.08399963
24-10-2024,74.27,2748.899902,4.319499969,84.06759644
25-10-2024,75.62,2754.600098,4.33949995,84.08180237
28-10-2024,71.87,2755.899902,4.331999779,84.10199738
29-10-2024,71.09,2781.100098,4.332499981,84.10279846
30-10-2024,73.21,2800.800049,4.327499866,84.08930206
31-10-2024,73.25,2749.300049,4.313499928,84.0891037
01-11-2024,73.63,2749.199951,4.347499847,84.09149933
04-11-2024,74.89,2746.199951,4.407000065,84.13359833
05-11-2024,76.98,2749.699951,4.450500011,84.15249634
06-11-2024,76.52,2676.300049,4.222499847,84.11630249
07-11-2024,75.73,2705.800049,4.409999847,84.25119781
08-11-2024,74.04,2694.800049,4.286499977,84.30639648
11-11-2024,72.19,2617.699951,4.210999966,84.38289642
12-11-2024,72.56,2606.300049,4.11950016,84.39649963
13-11-2024,72.86,2586.5,4.065999985,84.39530182
14-11-2024,73.39,2572.899902,4.072999954,84.42299652
15-11-2024,73.45,2570.100098,4.051000118,84.47380066
18-11-2024,74.35,2614.600098,4.107999802,84.47750092
19-11-2024,74.32,2631,4.130000114,84.39849854
20-11-2024,74.33,2651.699951,4.143499851,84.39759827
21-11-2024,75.09,2674.899902,4.112999916,84.38310242
22-11-2024,76.1,2712.199951,4.073999882,84.48829651
25-11-2024,74.27,2618.5,4.091499805,84.43599701
26-11-2024,74.56,2621.300049,4.039000034,84.37750244
27-11-2024,73.91,2639.899902,4.066999912,84.3391037
28-11-2024,73.92,,,84.42030334
29-11-2024,74.16,2657,4.080500126,84.47160339
02-12-2024,72.81,2658.5,4.075500011,84.55699921
03-12-2024,74.8,2667.899902,4.145999908,84.73709869
04-12-2024,74.68,2676.199951,4.142000198,84.68309784
05-12-2024,73.78,2648.399902,4.135000229,84.70700073
06-12-2024,73.78,2659.600098,4.138500214,84.68379974
09-12-2024,73.73,2685.800049,4.223499775,84.66600037
10-12-2024,73.64,2718.399902,4.223499775,84.84729767
11-12-2024,74.38,2756.699951,4.214000225,84.87400055
12-12-2024,73.52,2709.399902,4.195000172,84.85710144
13-12-2024,74.89,2675.800049,4.149000168,84.83920288
16-12-2024,74.3,2670,4.143499851,84.80200195
17-12-2024,73.16,2662,4.091499805,84.91729736
18-12-2024,74.57,2653.300049,4.099999905,84.91539764
19-12-2024,73.75,2608.100098,4.020500183,85.16549683
20-12-2024,73.19,2645.100098,4.040999889,85.27940369
23-12-2024,72.12,2628.199951,4.022999763,84.94499969
24-12-2024,73.5,2635.5,4.049499989,85.09889984
25-12-2024,,,,85.1815033
26-12-2024,,2653.899902,4.072000027,85.41339874
27-12-2024,73.77,2631.899902,4.0625,85.2609024
30-12-2024,74.24,2618.100098,4.045499802,85.38600159
31-12-2024,74.58,2641,3.986000061,85.78659821
01-01-2025,,,,
02-01-2025,76.14,2669,3.988500118,85.78569794
03-01-2025,76.72,2654.699951,4.039500237,85.80400085
06-01-2025,77.27,2647.399902,4.126999855,85.75900269
07-01-2025,77.84,2665.399902,4.16050005,85.68070221
08-01-2025,77.37,2672.399902,4.227499962,85.8065033
09-01-2025,78.44,2690.800049,4.279500008,85.90750122
10-01-2025,79.76,2715,4.274499893,85.91999817
13-01-2025,82.69,2678.600098,4.295499802,86.18800354
14-01-2025,82.39,2682.300049,4.310500145,86.65059662
15-01-2025,83.48,2717.800049,4.359499931,86.53540039
16-01-2025,82.39,2750.899902,4.41050005,86.43099976
17-01-2025,83.02,2748.699951,4.337500095,86.60610199
20-01-2025,81.68,,,86.56900024
21-01-2025,80.57,2759.199951,4.31099987,86.21109772
22-01-2025,80,2770.899902,4.271500111,86.45189667
23-01-2025,78.62,2765,4.299499989,86.47270203
24-01-2025,78.71,2778.899902,4.289999962,86.44020081
27-01-2025,77.3,2738.399902,4.203499794,86.20300293
28-01-2025,78.01,2767.5,4.220499992,86.46839905
29-01-2025,77.02,2769.800049,4.257500172,86.58460236
30-01-2025,77.42,2823,4.288000107,86.64060211
31-01-2025,77.11,2812.5,4.262000084,86.64700317
03-02-2025,76.49,2857.100098,4.294000149,86.55400085
04-02-2025,76.58,2875.800049,4.34250021,86.94339752
05-02-2025,74.71,2893,4.434500217,87.13009644
06-02-2025,74.54,2876.699951,4.453499794,87.33409882
07-02-2025,74.68,2887.600098,4.581500053,87.58830261
10-02-2025,76.23,2934.399902,4.700500011,87.51309967
11-02-2025,77.65,2932.600098,4.594500065,87.49009705
12-02-2025,75.38,2928.699951,4.697999954,86.811203
13-02-2025,75.61,2945.399902,4.769000053,86.87400055
14-02-2025,75.19,2900.699951,4.656499863,86.75409698
17-02-2025,75.81,,,86.43460083
18-02-2025,76.46,2949,4.585000038,86.85479736
19-02-2025,76.34,2936.100098,4.55700016,86.8871994
20-02-2025,76.95,2956.100098,4.607999802,86.87280273
21-02-2025,74.88,2953.199951,4.559999943,86.45120239
24-02-2025,74.89,2963.199951,4.517000198,86.52940369
25-02-2025,73.11,2918.800049,4.486000061,86.69010162
26-02-2025,73.49,2930.600098,4.541999817,87.08119965
27-02-2025,75.01,2895.899902,4.579999924,87.16220093
28-02-2025,74.76,2848.5,4.514500141,87.32700348
03-03-2025,72.85,2901.100098,4.576499939,87.46399689
04-03-2025,72.31,2920.600098,4.527500153,87.32959747
05-03-2025,70.92,2926,4.766499996,87.21700287
06-03-2025,71.08,2926.600098,4.778999805,86.88929749
07-03-2025,72.49,2914.100098,4.683000088,87.12879944
10-03-2025,71.08,2899.399902,4.639500141,87.07379913
11-03-2025,71.51,2920.899902,4.739999771,87.35510254
12-03-2025,72.36,2946.800049,4.821000099,87.20010376
13-03-2025,70.82,2991.300049,4.898499966,87.34059906
14-03-2025,71.94,3001.100098,4.86950016,86.92209625
17-03-2025,71.93,3006.100098,4.933499813,86.93900299
18-03-2025,71.93,3040.800049,4.993000031,86.91639709
19-03-2025,71.94,3041.199951,5.076000214,86.57610321
20-03-2025,72.61,3043.800049,5.085000038,86.33709717
21-03-2025,72.64,3021.399902,5.087500095,86.33609772
24-03-2025,73.96,3015.600098,5.06400013,85.98699951
25-03-2025,73.78,3025.899902,5.183000088,85.53209686
26-03-2025,74.6,3022.5,5.21600008,85.5904007
27-03-2025,74.72,3061,5.097499847,86.09539795
28-03-2025,74.69,3086.5,5.112500191,85.69490051
31-03-2025,77.23,3122.800049,5.019999981,85.5388031
01-04-2025,77.78,3146,5.019000053,85.4681015
02-04-2025,77.27,3166.199951,5.023499966,85.61009979
03-04-2025,72.54,3121.699951,4.81099987,85.65119934
04-04-2025,68.36,3035.399902,4.384500027,85.28289795
07-04-2025,66.13,2973.600098,4.169000149,85.52929688
08-04-2025,64.86,2990.199951,4.127500057,86.02700043
09-04-2025,67.3,3079.399902,4.175499916,86.43530273
10-04-2025,65.37,3177.5,4.321000099,86.20929718
11-04-2025,66.83,3244.600098,4.507500172,86.26039886
14-04-2025,67.18,3226.300049,4.610499859,86.19300079
15-04-2025,66.58,3240.399902,4.611000061,86.0447998
16-04-2025,67.94,3346.399902,4.673999786,85.72669983
17-04-2025,69.33,3328.399902,4.731500149,85.62049866
18-04-2025,,,,
21-04-2025,,3425.300049,4.721000195,
22-04-2025,68.93,3419.399902,4.870500088,85.1588974
23-04-2025,68.26,3294.100098,4.835499763,85.23239899
24-04-2025,67.5,3348.600098,4.849999905,85.49990082
25-04-2025,66.99,3298.399902,4.835499763,85.25730133
28-04-2025,66.13,3347.699951,4.837999821,85.38490295
29-04-2025,64.04,3333.600098,4.822999954,85.16030121
30-04-2025,63.37,3319.100098,4.559999943,85.17079926
01-05-2025,62.37,3222.199951,4.580999851,84.53119659
02-05-2025,61.57,3243.300049,4.627500057,84.69670105
05-05-2025,,3322.300049,4.65500021,84.52629852
06-05-2025,62.37,3422.800049,4.735000134,84.22080231
07-05-2025,60.31,3391.899902,4.616499901,84.79319763
08-05-2025,62.22,3306,4.56099987,84.81719971
09-05-2025,64.26,3344,4.611000061,86.0821991
12-05-2025,65.28,3228,4.578499794,85.40830231
13-05-2025,66.93,3247.800049,4.681499958,84.96569824
14-05-2025,65.91,3188.300049,4.611000061,85.06030273
15-05-2025,64.36,3226.600098,4.644499779,85.48760223
16-05-2025,65.2,3187.199951,4.555500031,85.44490051
19-05-2025,66.25,3233.5,4.633500099,85.50029755
20-05-2025,66.93,3284.600098,4.61950016,85.37210083
21-05-2025,65.86,3313.5,4.638000011,85.53610229
22-05-2025,64.87,3295,4.648499966,85.60030365
23-05-2025,65.41,3365.800049,4.806499958,85.97489929
26-05-2025,,,,85.19930267
27-05-2025,64.32,3300.399902,4.710000038,85.15820313
28-05-2025,65.72,3294.899902,4.644000053,85.36049652
29-05-2025,64.6,3317.100098,4.65350008,85.3859024
30-05-2025,64.32,3288.899902,4.652500153,85.36129761
02-06-2025,66.55,3397.199951,4.834499836,85.52429962
03-06-2025,67.48,3377.100098,4.809500217,85.36370087
04-06-2025,66.69,3399.199951,4.864500046,85.70880127
05-06-2025,67.14,3375.100098,4.913499832,85.90419769
06-06-2025,68.02,3346.600098,4.829999924,85.87750244
09-06-2025,68.73,3354.899902,4.909500122,85.78530121
10-06-2025,68.41,3343.399902,4.883999825,85.7559967
11-06-2025,71.29,3343.699951,4.801000118,85.65280151
12-06-2025,70.84,3402.399902,4.821499825,85.46980286
13-06-2025,76,3452.800049,4.802999973,85.68840027
16-06-2025,75.05,3417.300049,4.826499939,86.24919891
17-06-2025,78.7,3406.899902,4.800499916,86.10420227
18-06-2025,78.38,3408.100098,4.84499979,86.36270142
19-06-2025,80.37,,,86.61360168
20-06-2025,78.73,3385.699951,4.826000214,86.58380127
23-06-2025,74.34,3395,4.842999935,86.58029938
24-06-2025,69.13,3333.899902,4.867000103,86.23300171
25-06-2025,68.4,3343.100098,4.913000107,85.90480042
26-06-2025,68.57,3348,5.065499783,86.00610352
27-06-2025,69.37,3287.600098,5.068500042,85.66639709
30-06-2025,68.15,3307.699951,5.03000021,85.45529938
01-07-2025,67.63,3349.800049,5.047999859,85.71399689
02-07-2025,70.8,3359.699951,5.149000168,85.64279938
03-07-2025,70.42,3342.899902,5.097000122,85.69409943
04-07-2025,71.03,3346.5,5.018499851,85.31909943
07-07-2025,71.95,3342.800049,4.984499931,85.49629974
08-07-2025,72.5,3316.899902,5.644999981,85.89199829
09-07-2025,71.98,3321,5.443500042,85.70739746
10-07-2025,70.38,3325.699951,5.547999859,85.70850372
11-07-2025,72.06,3364,5.561999798,85.73480225
14-07-2025,70.96,3359.100098,5.514999866,85.82129669
15-07-2025,70.27,3336.699951,5.546000004,85.96839905
16-07-2025,69.67,3359.100098,5.496500015,85.99310303
17-07-2025,71.32,3345.300049,5.486000061,85.8852005
18-07-2025,71.06,3358.300049,5.578000069,86.04650116
21-07-2025,71.92,3406.399902,5.610499859,86.14859772
22-07-2025,69.69,3443.699951,5.697000027,86.19529724
23-07-2025,69.17,3397.600098,5.795000076,86.34279633
24-07-2025,70.42,3373.5,5.77699995,86.3986969
25-07-2025,69.23,3335.600098,5.763500214,86.43029785
28-07-2025,70.87,3310,5.59499979,86.50610352
29-07-2025,73.21,3324,5.603499889,86.77760315
30-07-2025,73.98,3295.800049,5.570000172,87.0632019
31-07-2025,73.43,3293.199951,4.330500126,87.71459961
01-08-2025,70.55,3399.800049,4.412499905,87.48940277
04-08-2025,69.56,3426.399902,4.414999962,87.24530029
05-08-2025,69.14,3434.699951,4.363999844,87.89330292
06-08-2025,67.97,3433.399902,4.390999794,87.72309875
07-08-2025,66.99,3453.699951,4.378499985,87.76249695
08-08-2025,67.17,3491.300049,4.455500126,87.43319702
11-08-2025,67.36,3404.699951,4.423500061,87.48829651
12-08-2025,66.8,3399,4.508500099,87.66449738
13-08-2025,66.25,3408.300049,4.481999874,87.59559631
14-08-2025,68.12,3383.199951,4.46449995,87.44999695
15-08-2025,67.3,3382.600098,4.478000164,87.69180298
18-08-2025,68.18,3378,4.456999779,87.51280212
19-08-2025,66.62,3358.699951,4.40899992,87.29509735
20-08-2025,67.61,3388.5,4.426000118,87.07910156
21-08-2025,68.41,3381.600098,4.431499958,87.01820374
22-08-2025,68.29,3418.5,4.447500229,87.29340363
25-08-2025,,3417.5,4.466499805,87.33010101
26-08-2025,66.89,3433,4.450500011,87.6085968
27-08-2025,67.75,3448.600098,4.414500237,87.60070038
28-08-2025,68.61,3474.300049,4.463500023,87.65910339
29-08-2025,67.83,3516.100098,4.518499851,87.59169769
01-09-2025,67.09,,,88.17430115
02-09-2025,68.09,3592.199951,4.569499969,88.00140381
03-09-2025,67.76,3635.5,4.558499813,87.99829865
04-09-2025,66.41,3606.699951,4.487999916,88.07299805
05-09-2025,64.92,3653.300049,4.482500076,88.19290161
08-09-2025,65.44,3677.399902,4.490499973,88.18630219
09-09-2025,67.97,3682.199951,4.500999928,87.98049927
10-09-2025,67.62,3682,4.550000191,88.21829987
11-09-2025,67.25,3673.600098,4.590499878,88.05339813
12-09-2025,67.87,3686.399902,4.588500023,88.26760101
15-09-2025,67.88,3719,4.655499935,88.27729797
16-09-2025,69.69,3725.100098,4.632999897,88.12349701
17-09-2025,69.19,3717.800049,4.571000099,87.88459778
18-09-2025,67.83,3678.300049,4.540999889,87.91069794
19-09-2025,67.05,3705.800049,4.568999767,88.20690155
22-09-2025,66.87,3775.100098,4.572999954,88.09919739
23-09-2025,67.96,3815.699951,4.584499836,88.30439758
24-09-2025,69.64,3768.100098,4.752500057,88.80799866
25-09-2025,70.48,3771.100098,4.699999809,88.7786026
26-09-2025,71.15,3809,4.715499878,88.77310181
29-09-2025,69,3855.199951,4.84100008,88.67680359
30-09-2025,68.52,3873.199951,4.804999828,88.70449829
01-10-2025,66.67,3897.5,4.830500126,88.84069824
02-10-2025,65.44,3868.100098,4.897999763,88.68299866
03-10-2025,66.13,3908.899902,5.058000088,88.72019958
06-10-2025,67.09,3976.300049,4.986999989,88.73509979
07-10-2025,67.1,4004.399902,5.047999859,88.72109985
08-10-2025,67.42,4070.5,5.046000004,88.74259949
09-10-2025,67.23,3972.600098,5.075500011,88.77719879
10-10-2025,64.41,4000.399902,4.848499775,88.86540222
13-10-2025,64.15,4133,5.100500107,88.75730133
14-10-2025,63,4163.399902,4.980500221,88.6651001
15-10-2025,62.33,4201.600098,4.972000122,88.78250122
16-10-2025,61.08,4304.600098,4.958000183,87.80950165
17-10-2025,61.23,4213.299805,4.931499958,87.99069977
20-10-2025,60.71,4359.399902,4.998000145,88.00229645
21-10-2025,61,4109.100098,4.929999828,87.87999725
22-10-2025,62.28,4065.399902,4.960999966,88.00160217
23-10-2025,66.32,4145.600098,5.081999779,87.74030304
24-10-2025,65.8,4137.799805,5.093500137,87.77899933
27-10-2025,65.52,4019.699951,5.140500069,87.82900238
28-10-2025,64.03,3983.100098,5.140500069,88.2220993
29-10-2025,65.01,4000.699951,5.233500004,88.22550201
30-10-2025,65.11,4015.899902,5.078000069,88.34559631
31-10-2025,65.44,3996.5,5.065499783,88.6344986
03-11-2025,65.79,4014,5.046999931,88.77539825
04-11-2025,65.04,3960.5,4.926000118,88.7233963
05-11-2025,63.54,3992.899902,4.962999821,88.73200226
06-11-2025,63.41,3991,4.945499897,88.55690002
07-11-2025,63.72,4009.800049,4.938000202,88.67299652
10-11-2025,63.01,4122,5.086999893,88.65799713
11-11-2025,63.86,4116.299805,5.048500061,88.70709991
12-11-2025,61.88,4213.600098,5.08949995,88.46649933
13-11-2025,62.14,4194.5,5.087500095,88.59400177
14-11-2025,63.45,4094.199951,5.049499989,88.81610107
17-11-2025,63.16,4074.5,5,88.68199921
18-11-2025,64.86,4066.5,4.962500095,88.6359024
19-11-2025,63.78,4082.800049,5.007999897,88.55680084
20-11-2025,63.64,4060,4.959499836,88.48719788
21-11-2025,62.78,4079.5,5.008500099,88.69219971
24-11-2025,64.83,4094.199951,4.961999893,89.63400269
25-11-2025,63.99,4140,4.999499798,89.14779663
26-11-2025,64.81,4165.200195,5.104499817,89.15059662
27-11-2025,64.18,,,89.16300201
28-11-2025,64.07,4254.899902,5.185500145,89.3647995
01-12-2025,64.22,4274.799805,5.218999863,89.34999847
02-12-2025,63.37,4220.799805,5.160999775,89.61270142
03-12-2025,63.75,4232.5,5.308000088,89.91719818
04-12-2025,64.15,4243,5.291500092,90.17050171
05-12-2025,64.42,4243,5.381999969,89.83640289
08-12-2025,63.3,4217.700195,5.364500046,89.93800354
09-12-2025,62.62,4236.200195,5.240499973,90.12999725
10-12-2025,63.12,4224.700195,5.275499821,89.91690063
11-12-2025,61.87,4313,5.427000046,89.79299927
12-12-2025,62.11,4328.299805,5.283500195,90.25299835
15-12-2025,61.55,4335.200195,5.338500023,90.57700348
16-12-2025,59.93,4332.299805,5.287000179,90.77690125
17-12-2025,60.61,4373.899902,5.363500118,90.94889832
18-12-2025,60.69,4364.5,5.366499901,90.41369629
19-12-2025,61.35,4387.299805,5.439499855,90.25579834
22-12-2025,62.22,4469.399902,5.4375,89.56999969
23-12-2025,63.7,4505.700195,5.475999832,89.60389709
24-12-2025,63.7,4502.799805,5.49849987,89.50789642
25-12-2025,,,,
26-12-2025,,4552.700195,5.766499996,90.10590363
29-12-2025,63.1,4343.600098,5.490499973,89.82929993
30-12-2025,62.3,4386.299805,5.727499962,89.90000153
31-12-2025,61.35,4341.100098,5.630000114,89.76940155
01-01-2026,,,,
02-01-2026,61.98,4329.600098,5.639999866,89.9618988
05-01-2026,63,4451.5,5.924499989,90.00700378
06-01-2026,62.1,4496.100098,6.010499954,90.23300171
07-01-2026,61.08,4462.5,5.809000015,90.16609955
08-01-2026,63.34,4460.700195,5.746500015,89.86440277
09-01-2026,65.11,4500.899902,5.855500221,89.90540314
12-01-2026,65.4,4614.700195,5.985000134,90.23600006
13-01-2026,67.58,4599.100098,5.96999979,90.13269806
14-01-2026,68.87,4635.700195,6.008999825,90.27300262
15-01-2026,66.16,4623.700195,5.947999954,90.18319702
16-01-2026,66.97,4595.399902,5.788499832,90.36160278
19-01-2026,66.91,,,90.70200348
20-01-2026,67.68,4765.799805,5.772999763,90.90450287
21-01-2026,66.72,4837.5,5.729499817,91.11840057
22-01-2026,65.46,4913.399902,5.742499828,91.53690338
23-01-2026,68.16,4979.700195,5.910999775,91.5582962
26-01-2026,67.7,5082.5,5.984000206,91.50099945
27-01-2026,70.28,5082.600098,5.828499794,91.71309662
28-01-2026,70.9,5303.600098,5.892499924,91.53430176
29-01-2026,71,5318.399902,6.175499916,92.040802
30-01-2026,72.25,4745.100098,5.896999836,91.7818985
02-02-2026,67.72,4652.600098,5.801499844,91.68699646
03-02-2026,70.01,4935,6.0625,90.24559784
04-02-2026,71.15,4950.799805,5.826000214,90.42289734
05-02-2026,69.87,4889.5,5.798999786,90.125
06-02-2026,70.45,4979.799805,5.863500118,90.31479645
09-02-2026,71.19,5079.399902,5.945000172,90.58799744
10-02-2026,71.01,5031,5.895999908,90.82279968
11-02-2026,71.52,5098.5,5.948999882,90.58789825
12-02-2026,69.8,4948.399902,5.770999908,90.73570251
13-02-2026,69.96,5046.299805,5.792500019,90.56410217
16-02-2026,70.81,,,90.57119751
17-02-2026,69.77,4905.899902,5.632999897,90.78299713
18-02-2026,71.78,5009.5,5.793499947,90.62619781
19-02-2026,73.17,4997.399902,5.730000019,90.79350281
20-02-2026,72.75,5080.899902,5.830999851,91.04109955
23-02-2026,71.9,5225.600098,5.772999763,90.72660065
24-02-2026,71.21,5176.299805,5.922999859,91.02010345
25-02-2026,70.69,5226.200195,5.979499817,90.91799927
26-02-2026,71.66,5194.200195,5.947000027,90.9509964
27-02-2026,71.32,5247.899902,6.004499912,91.00740051
02-03-2026,77.24,5311.600098,5.894499779,91.07959747
03-03-2026,83.28,5123.700195,5.773499966,91.56340027
04-03-2026,81.56,5134.700195,5.855000019,92.00859833
05-03-2026,88.59,5078.700195,5.752999783,92.1230011
06-03-2026,95.74,5158.700195,5.756999969,91.78690338
09-03-2026,94.35,5103.700195,5.800499916,91.936203
10-03-2026,89.84,5242.100098,5.903999805,91.22070313
11-03-2026,90.98,5179.100098,5.845499992,92.1651001
12-03-2026,102.38,5125.799805,5.824500084,92.22879791
13-03-2026,103.23,5061.700195,5.71449995,92.38990021
16-03-2026,101.04,5002.200195,5.790500164,92.56359863
17-03-2026,108.39,5008.200195,5.726500034,92.28269958
18-03-2026,118.09,4896.200195,5.553999901,92.39129639
19-03-2026,111.05,4605.700195,5.433000088,93.24659729
20-03-2026,118.42,4574.899902,5.34250021,93.08229828
23-03-2026,103.79,4407.299805,5.439499855,93.89530182
24-03-2026,108.42,4402,5.422500134,93.24369812
25-03-2026,109.14,4552.299805,5.528999805,94.29969788
26-03-2026,113.39,4376.299805,5.446499825,94.6937027
27-03-2026,121.47,4492.5,5.467000008,94.30950165
30-03-2026,121.88,4526,5.475999832,94.78179932
31-03-2026,126.69,4647.600098,5.587500095,94.35590363
01-04-2026,119.56,4813.100098,5.624000072,93.48429871
02-04-2026,127.61,4679.700195,5.563000202,92.64260101
03-04-2026,,,,92.97360229
06-04-2026,,4684.700195,5.583499908,92.97100067
07-04-2026,138.21,4684.700195,5.544499874,92.81659698
08-04-2026,122.11,4777.200195,5.759500027,92.86019897
09-04-2026,119.03,4818,5.748000145,92.27480316
10-04-2026,119.07,4787.399902,5.870500088,92.46980286
13-04-2026,123.28,4767.399902,5.975999832,94.50879669
14-04-2026,118.69,4850.100098,6.070499897,94.94680023
15-04-2026,114.93,4823.600098,6.072000027,93.16539764
16-04-2026,116.63,4808.299805,6.066500187,93.38680267
17-04-2026,98.63,4879.600098,6.103499889,93.04789734
20-04-2026,103.4,4828.799805,6.035999775,92.603302
21-04-2026,106.14,4719.600098,6.00150013,93.12359619
22-04-2026,113.44,4753,6.119999886,93.62280273
23-04-2026,113.25,4724,6.075500011,93.80049896
24-04-2026,111.86,4740.899902,6.023499966,94.11289978
27-04-2026,113.89,4693.700195,6.018000126,94.25029755
28-04-2026,117.62,4608.399902,5.914500237,94.25849915
29-04-2026,124.16,4561.5,5.878499985,94.64550018
30-04-2026,124.24,4629.600098,5.926000118,94.91660309
01-05-2026,118.26,4644.5,5.93200016,94.75910187
04-05-2026,,4533.299805,5.795000076,94.90299988
05-05-2026,114.51,4568.5,5.94299984,95.25939941
06-05-2026,103.7,4694.299805,6.136499882,95.18299866
07-05-2026,101.82,4710.899902,6.127500057,94.60800171
08-05-2026,103.48,4730.700195,6.249000072,94.25299835
11-05-2026,106.11,4728.700195,6.413499832,94.4253006
12-05-2026,111.37,4686.700195,6.485000134,95.3914032
13-05-2026,110.28,4706.700195,6.635499954,95.63300323
14-05-2026,110.91,4685.299805,6.567500114,95.69580078
15-05-2026,113.96,4561.899902,6.25150013,95.7098999
18-05-2026,116.73,4558,6.271999836,95.97029877
19-05-2026,114.64,4511.200195,6.164999962,96.27020264
20-05-2026,108.93,4535.299805,6.290500164,96.56580353
21-05-2026,105.84,4542.5,6.256999969,96.52829742
22-05-2026,106.9,4523.200195,6.342000008,96.17389679
25-05-2026,,,,95.71949768
26-05-2026,102.75,4502.299805,6.361000061,95.25279999
27-05-2026,97.11,4448.399902,6.304999828,95.90499878
28-05-2026,95.47,4499.299805,6.395999908,96.04889679
29-05-2026,92.88,4593,6.359499931,96.04820251
01-06-2026,98.29,4506.299805,6.524000168,95.00299835
02-06-2026,98.49,4519.899902,6.649499893,95.55139923
03-06-2026,101.69,4466.899902,6.480999947,95.26300049
04-06-2026,98.98,4505,6.511000156,96.16449738
05-06-2026,97.29,4365.299805,6.263500214,95.79029846
08-06-2026,97.46,4363.399902,6.329500198,94.95030212
09-06-2026,94.15,4286.399902,6.302499771,95.68830109
10-06-2026,95.73,4133.299805,6.249000072,95.36029816
11-06-2026,92.84,4114,6.258999825,95.64450073
12-06-2026,88.64,4238.799805,6.430500031,95.76010132
15-06-2026,84.36,4351.600098,6.482500076,95.11029816
16-06-2026,80.5,4354.399902,6.488999844,94.74169922
17-06-2026,80.33,4381.399902,6.481500149,94.88860321
18-06-2026,79.35,4245.899902,6.374499798,94.85890198
19-06-2026,80.46,,,94.33989716
22-06-2026,76.49,4202.700195,6.356500149,94.33029938
23-06-2026,75.69,4149.399902,6.140999794,94.70059967
24-06-2026,72.09,4008.800049,5.94299984,95.18370056
25-06-2026,73.74,4047.600098,6.070499897,94.44069672
26-06-2026,70.16,4096.299805,6.141499996,94.40039825
29-06-2026,71.59,4038.899902,6.097499847,94.36029816
30-06-2026,70.46,4038.5,6.192500114,94.79049683
01-07-2026,69.24,4082.399902,6.12349987,94.91799927
02-07-2026,68.53,4125.700195,6.114500046,95.41750336
03-07-2026,68.68,,,95.52709961
06-07-2026,69.56,4167.5,6.177999973,95.21479797
07-07-2026,71.78,4157.399902,6.171500206,95.60350037
08-07-2026,76.5,4082.399902,6.054500103,95.59339905
09-07-2026,74.46,4140.799805,6.215000153,95.86180115
10-07-2026,74.34,4113.700195,6.233500004,95.39019775
13-07-2026,81.62,4005.699951,6.232999802,95.32499695
14-07-2026,83.69,4069.699951,6.329999924,96.29889679
15-07-2026,83.08,4051.800049,6.293499947,96.4253006
16-07-2026,81.23,3992.100098,6.296000004,96.49859619
17-07-2026,85.01,4018.800049,6.21999979,96.65219879
20-07-2026,86.99,4015.899902,6.298999786,96.28479767
21-07-2026,93.85,4076.399902,6.511000156,96.48960114
22-07-2026,94.12,4151.899902,6.451000214,96.34089661
23-07-2026,105.32,4050.199951,6.304999828,96.55709839
24-07-2026,100.31,4070.800049,6.320000172,96.87689972
27-07-2026,91.82,4077,6.339000225,96.56729889
28-07-2026,85.51,4038.699951,6.322000027,95.77410126
29-07-2026,91.95,4036.300049,6.273499966,95.59870148
30-07-2026,91.91,4100.100098,6.444499969,95.72859955
31-07-2026,96.95,4107,6.43599987,95.68479919
03-08-2026,88.9,4090.5,6.513999939,95.40219879
04-08-2026,86.47,4152.600098,6.618500233,95.33159637
05-08-2026,86.65,4305.200195,6.703000069,95.09719849
06-08-2026,89.65,4299.600098,6.686999798,95.07730103
07-08-2026,87.62,4399.700195,6.570499897,95.31189728
10-08-2026,92.74,4419.700195,6.594500065,95.21029663
11-08-2026,93.26,4441.100098,6.611999989,95.396698
12-08-2026,92.52,4467.5,6.597000122,95.37989807
13-08-2026,92.03,4420.399902,6.59250021,95.34429932
14-08-2026,92.02,4437.299805,6.599500179,95.40119934
17-08-2026,92.43,4473.700195,6.604000092,95.45030212
18-08-2026,95.29,4420.600098,6.482500076,95.69409943
19-08-2026,92.37,4545.299805,6.487500191,95.81639862
20-08-2026,94,4571.399902,6.460000038,95.4960022
21-08-2026,96.92,4680.600098,6.579500198,95.77220154
24-08-2026,92.71,4697.799805,6.598999977,95.70030212
25-08-2026,88.24,4694.5,6.709499836,95.72309875
26-08-2026,87.77,4653.299805,6.594500065,93.5460968
27-08-2026,90.18,4664,6.586999893,95.43029785
28-08-2026,89.75,4529.899902,6.561999798,95.47039795
31-08-2026,,4481.5,6.593500137,95.38030243
01-09-2026,96.02,4396.399902,6.506499767,95.11440277
02-09-2026,97.59,4414.600098,6.500999928,94.9552002
03-09-2026,100.52,4539.899902,6.577000141,94.48770142
04-09-2026,102.24,4476.600098,6.597000122,94.49490356
07-09-2026,104.47,,,94.43029785
08-09-2026,106.12,4439,6.738999844,94.49189758
09-09-2026,109.51,4460.700195,6.803500175,94.82299805
10-09-2026,120.98,4407.299805,6.467000008,95.11180115
11-09-2026,118.06,4408.899902,6.469500065,95.69450378
14-09-2026,121.25,4351.899902,6.329999924,95.03279877
15-09-2026,130.8,4332.799805,6.368500233,95.83540344
16-09-2026,127.84,4387.5,6.431499958,95.99269867
17-09-2026,121.18,4399.700195,6.586500168,96.13230133
18-09-2026,119.66,4424.899902,6.614999771,95.79920197
21-09-2026,116.15,4383.899902,6.686500072,96.01309967
22-09-2026,114.89,4376.399902,6.759500027,95.71199799
23-09-2026,117.45,4318.399902,6.677999973,95.68979645
24-09-2026,120.92,4298,6.718500137,95.74120331
25-09-2026,116.01,4321.200195,6.695499897,96.16130066
28-09-2026,119.97,4168.399902,6.565999985,95.78829956
29-09-2026,113.96,4179.700195,6.543499947,95.9815979
30-09-2026,,4186.700195,6.559000015,96.05069733
01-10-2026,,4202.299805,6.481999874,95.92710114
02-10-2026,,4162.299805,6.492000103,96.22480011
